First Name,Last Name,SID,Homework 1,Homework 1 - Max Points,Homework 1 - Submission Time,Homework 2,Homework 2 - Max Points,Homework 2 - Submission Time,Homework 3,Homework 3 - Max Points,Homework 3 - Submission Time,Homework 4,Homework 4 - Max Points,Homework 4 - Submission Time,Homework 5,Homework 5 - Max Points,Homework 5 - Submission Time,Homework 6,Homework 6 - Max Points,Homework 6 - Submission Time,Homework 7,Homework 7 - Max Points,Homework 7 - Submission Time,Homework 8,Homework 8 - Max Points,Homework 8 - Submission Time,Homework 9,Homework 9 - Max Points,Homework 9 - Submission Time,Homework 10,Homework 10 - Max Points,Homework 10 - Submission Time,Exam 1,Exam 1 - Max Points,Exam 1 - Submission Time,Exam 2,Exam 2 - Max Points,Exam 2 - Submission Time,Exam 3,Exam 3 - Max Points,Exam 3 - Submission Time
Alec,Archer,axa69912,94.0,100,2019-08-29 08:56:02-07:00,40,60,2019-09-05 08:56:02-07:00,82,90,2019-09-12 08:56:02-07:00,88,100,2019-09-19 08:56:02-07:00,93,100,2019-09-26 08:56:02-07:00,69,100,2019-10-03 08:56:02-07:00,65,80,2019-10-10 08:56:02-07:00,66,80,2019-10-17 08:56:02-07:00,45,60,2019-10-24 08:56:02-07:00,53,80,2019-10-31 08:56:02-07:00,91,100,2019-10-08 12:30:07-07:00,87,100,2019-11-08 12:30:07-07:00,70,100,2019-12-08 12:30:07-07:00
Alexander,Klein,awk30253,69.0,100,2019-08-29 08:56:02-07:00,56,60,2019-09-05 08:56:02-07:00,64,90,2019-09-12 08:56:02-07:00,94,100,2019-09-19 08:56:02-07:00,96,100,2019-09-26 08:56:02-07:00,89,100,2019-10-03 08:56:02-07:00,51,80,2019-10-10 08:56:02-07:00,60,80,2019-10-17 08:56:02-07:00,56,60,2019-10-24 08:56:02-07:00,58,80,2019-10-31 08:56:02-07:00,99,100,2019-10-08 12:30:07-07:00,90,100,2019-11-08 12:30:07-07:00,100,100,2019-12-08 12:30:07-07:00
Alexis,Adams,axa85092,71.0,100,2019-08-29 08:56:02-07:00,54,60,2019-09-05 08:56:02-07:00,60,90,2019-09-12 08:56:02-07:00,69,100,2019-09-19 08:56:02-07:00,63,100,2019-09-26 08:56:02-07:00,76,100,2019-10-03 08:56:02-07:00,73,80,2019-10-10 08:56:02-07:00,48,80,2019-10-17 08:56:02-07:00,37,60,2019-10-24 08:56:02-07:00,68,80,2019-10-31 08:56:02-07:00,85,100,2019-10-08 12:30:07-07:00,74,100,2019-11-08 12:30:07-07:00,77,100,2019-12-08 12:30:07-07:00
Alison,Tran,adt44286,82.0,100,2019-08-29 08:56:02-07:00,41,60,2019-09-05 08:56:02-07:00,78,90,2019-09-12 08:56:02-07:00,62,100,2019-09-19 08:56:02-07:00,71,100,2019-09-26 08:56:02-07:00,100,100,2019-10-03 08:56:02-07:00,51,80,2019-10-10 08:56:02-07:00,53,80,2019-10-17 08:56:02-07:00,55,60,2019-10-24 08:56:02-07:00,74,80,2019-10-31 08:56:02-07:00,94,100,2019-10-08 12:30:07-07:00,81,100,2019-11-08 12:30:07-07:00,86,100,2019-12-08 12:30:07-07:00
Alyssa,Perez,axp66215,86.0,100,2019-08-29 08:56:02-07:00,45,60,2019-09-05 08:56:02-07:00,74,90,2019-09-12 08:56:02-07:00,87,100,2019-09-19 08:56:02-07:00,63,100,2019-09-26 08:56:02-07:00,74,100,2019-10-03 08:56:02-07:00,70,80,2019-10-10 08:56:02-07:00,50,80,2019-10-17 08:56:02-07:00,59,60,2019-10-24 08:56:02-07:00,52,80,2019-10-31 08:56:02-07:00,85,100,2019-10-08 12:30:07-07:00,79,100,2019-11-08 12:30:07-07:00,73,100,2019-12-08 12:30:07-07:00
Amanda,Patton,ajp46924,61.0,100,2019-08-29 08:56:02-07:00,37,60,2019-09-05 08:56:02-07:00,69,90,2019-09-12 08:56:02-07:00,95,100,2019-09-19 08:56:02-07:00,87,100,2019-09-26 08:56:02-07:00,71,100,2019-10-03 08:56:02-07:00,78,80,2019-10-10 08:56:02-07:00,79,80,2019-10-17 08:56:02-07:00,51,60,2019-10-24 08:56:02-07:00,52,80,2019-10-31 08:56:02-07:00,93,100,2019-10-08 12:30:07-07:00,79,100,2019-11-08 12:30:07-07:00,99,100,2019-12-08 12:30:07-07:00
Amber,Riley,atr68583,85.0,100,2019-08-29 08:56:02-07:00,36,60,2019-09-05 08:56:02-07:00,54,90,2019-09-12 08:56:02-07:00,74,100,2019-09-19 08:56:02-07:00,88,100,2019-09-26 08:56:02-07:00,82,100,2019-10-03 08:56:02-07:00,68,80,2019-10-10 08:56:02-07:00,49,80,2019-10-17 08:56:02-07:00,54,60,2019-10-24 08:56:02-07:00,64,80,2019-10-31 08:56:02-07:00,82,100,2019-10-08 12:30:07-07:00,95,100,2019-11-08 12:30:07-07:00,78,100,2019-12-08 12:30:07-07:00
Amy,Gutierrez,akg06585,64.0,100,2019-08-29 08:56:02-07:00,50,60,2019-09-05 08:56:02-07:00,54,90,2019-09-12 08:56:02-07:00,82,100,2019-09-19 08:56:02-07:00,72,100,2019-09-26 08:56:02-07:00,99,100,2019-10-03 08:56:02-07:00,68,80,2019-10-10 08:56:02-07:00,57,80,2019-10-17 08:56:02-07:00,59,60,2019-10-24 08:56:02-07:00,61,80,2019-10-31 08:56:02-07:00,96,100,2019-10-08 12:30:07-07:00,95,100,2019-11-08 12:30:07-07:00,62,100,2019-12-08 12:30:07-07:00
Amy,Martin,asm18749,98.0,100,2019-08-29 08:56:02-07:00,47,60,2019-09-05 08:56:02-07:00,75,90,2019-09-12 08:56:02-07:00,83,100,2019-09-19 08:56:02-07:00,99,100,2019-09-26 08:56:02-07:00,73,100,2019-10-03 08:56:02-07:00,67,80,2019-10-10 08:56:02-07:00,79,80,2019-10-17 08:56:02-07:00,58,60,2019-10-24 08:56:02-07:00,76,80,2019-10-31 08:56:02-07:00,78,100,2019-10-08 12:30:07-07:00,90,100,2019-11-08 12:30:07-07:00,66,100,2019-12-08 12:30:07-07:00
Andrew,Peck,akp28863,83.0,100,2019-08-29 08:56:02-07:00,54,60,2019-09-05 08:56:02-07:00,64,90,2019-09-12 08:56:02-07:00,85,100,2019-09-19 08:56:02-07:00,92,100,2019-09-26 08:56:02-07:00,87,100,2019-10-03 08:56:02-07:00,76,80,2019-10-10 08:56:02-07:00,66,80,2019-10-17 08:56:02-07:00,36,60,2019-10-24 08:56:02-07:00,72,80,2019-10-31 08:56:02-07:00,92,100,2019-10-08 12:30:07-07:00,69,100,2019-11-08 12:30:07-07:00,60,100,2019-12-08 12:30:07-07:00
Andrew,Warren,alw38027,72.0,100,2019-08-29 08:56:02-07:00,42,60,2019-09-05 08:56:02-07:00,57,90,2019-09-12 08:56:02-07:00,73,100,2019-09-19 08:56:02-07:00,85,100,2019-09-26 08:56:02-07:00,64,100,2019-10-03 08:56:02-07:00,76,80,2019-10-10 08:56:02-07:00,48,80,2019-10-17 08:56:02-07:00,40,60,2019-10-24 08:56:02-07:00,50,80,2019-10-31 08:56:02-07:00,67,100,2019-10-08 12:30:07-07:00,71,100,2019-11-08 12:30:07-07:00,64,100,2019-12-08 12:30:07-07:00
Andrew,Moore,axm80777,98.0,100,2019-08-29 08:56:02-07:00,56,60,2019-09-05 08:56:02-07:00,59,90,2019-09-12 08:56:02-07:00,78,100,2019-09-19 08:56:02-07:00,76,100,2019-09-26 08:56:02-07:00,87,100,2019-10-03 08:56:02-07:00,67,80,2019-10-10 08:56:02-07:00,72,80,2019-10-17 08:56:02-07:00,49,60,2019-10-24 08:56:02-07:00,50,80,2019-10-31 08:56:02-07:00,73,100,2019-10-08 12:30:07-07:00,82,100,2019-11-08 12:30:07-07:00,76,100,2019-12-08 12:30:07-07:00
Angela,Rios,ajr17242,74.0,100,2019-08-29 08:56:02-07:00,53,60,2019-09-05 08:56:02-07:00,68,90,2019-09-12 08:56:02-07:00,95,100,2019-09-19 08:56:02-07:00,73,100,2019-09-26 08:56:02-07:00,66,100,2019-10-03 08:56:02-07:00,66,80,2019-10-10 08:56:02-07:00,75,80,2019-10-17 08:56:02-07:00,38,60,2019-10-24 08:56:02-07:00,76,80,2019-10-31 08:56:02-07:00,100,100,2019-10-08 12:30:07-07:00,73,100,2019-11-08 12:30:07-07:00,94,100,2019-12-08 12:30:07-07:00
Angela,Lucas,axl06785,63.0,100,2019-08-29 08:56:02-07:00,56,60,2019-09-05 08:56:02-07:00,81,90,2019-09-12 08:56:02-07:00,64,100,2019-09-19 08:56:02-07:00,62,100,2019-09-26 08:56:02-07:00,81,100,2019-10-03 08:56:02-07:00,71,80,2019-10-10 08:56:02-07:00,77,80,2019-10-17 08:56:02-07:00,49,60,2019-10-24 08:56:02-07:00,78,80,2019-10-31 08:56:02-07:00,75,100,2019-10-08 12:30:07-07:00,80,100,2019-11-08 12:30:07-07:00,70,100,2019-12-08 12:30:07-07:00
Anthony,Welch,aaw76167,87.0,100,2019-08-29 08:56:02-07:00,36,60,2019-09-05 08:56:02-07:00,73,90,2019-09-12 08:56:02-07:00,85,100,2019-09-19 08:56:02-07:00,87,100,2019-09-26 08:56:02-07:00,91,100,2019-10-03 08:56:02-07:00,52,80,2019-10-10 08:56:02-07:00,63,80,2019-10-17 08:56:02-07:00,44,60,2019-10-24 08:56:02-07:00,60,80,2019-10-31 08:56:02-07:00,64,100,2019-10-08 12:30:07-07:00,72,100,2019-11-08 12:30:07-07:00,63,100,2019-12-08 12:30:07-07:00
Barbara,Dennis,bmd12227,93.0,100,2019-08-29 08:56:02-07:00,58,60,2019-09-05 08:56:02-07:00,59,90,2019-09-12 08:56:02-07:00,98,100,2019-09-19 08:56:02-07:00,74,100,2019-09-26 08:56:02-07:00,74,100,2019-10-03 08:56:02-07:00,71,80,2019-10-10 08:56:02-07:00,79,80,2019-10-17 08:56:02-07:00,40,60,2019-10-24 08:56:02-07:00,68,80,2019-10-31 08:56:02-07:00,64,100,2019-10-08 12:30:07-07:00,63,100,2019-11-08 12:30:07-07:00,80,100,2019-12-08 12:30:07-07:00
Bradley,Butler,bxb34724,83.0,100,2019-08-29 08:56:02-07:00,45,60,2019-09-05 08:56:02-07:00,59,90,2019-09-12 08:56:02-07:00,90,100,2019-09-19 08:56:02-07:00,60,100,2019-09-26 08:56:02-07:00,100,100,2019-10-03 08:56:02-07:00,76,80,2019-10-10 08:56:02-07:00,58,80,2019-10-17 08:56:02-07:00,56,60,2019-10-24 08:56:02-07:00,75,80,2019-10-31 08:56:02-07:00,75,100,2019-10-08 12:30:07-07:00,92,100,2019-11-08 12:30:07-07:00,64,100,2019-12-08 12:30:07-07:00
Brandi,Silva,bxs49242,97.0,100,2019-08-29 08:56:02-07:00,60,60,2019-09-05 08:56:02-07:00,75,90,2019-09-12 08:56:02-07:00,61,100,2019-09-19 08:56:02-07:00,83,100,2019-09-26 08:56:02-07:00,66,100,2019-10-03 08:56:02-07:00,50,80,2019-10-10 08:56:02-07:00,79,80,2019-10-17 08:56:02-07:00,48,60,2019-10-24 08:56:02-07:00,70,80,2019-10-31 08:56:02-07:00,96,100,2019-10-08 12:30:07-07:00,72,100,2019-11-08 12:30:07-07:00,81,100,2019-12-08 12:30:07-07:00
Brian,Glover,bjg09950,74.0,100,2019-08-29 08:56:02-07:00,57,60,2019-09-05 08:56:02-07:00,62,90,2019-09-12 08:56:02-07:00,87,100,2019-09-19 08:56:02-07:00,69,100,2019-09-26 08:56:02-07:00,80,100,2019-10-03 08:56:02-07:00,70,80,2019-10-10 08:56:02-07:00,73,80,2019-10-17 08:56:02-07:00,45,60,2019-10-24 08:56:02-07:00,76,80,2019-10-31 08:56:02-07:00,60,100,2019-10-08 12:30:07-07:00,75,100,2019-11-08 12:30:07-07:00,77,100,2019-12-08 12:30:07-07:00
Brian,Campbell,bxc99341,98.0,100,2019-08-29 08:56:02-07:00,56,60,2019-09-05 08:56:02-07:00,57,90,2019-09-12 08:56:02-07:00,93,100,2019-09-19 08:56:02-07:00,80,100,2019-09-26 08:56:02-07:00,67,100,2019-10-03 08:56:02-07:00,70,80,2019-10-10 08:56:02-07:00,73,80,2019-10-17 08:56:02-07:00,58,60,2019-10-24 08:56:02-07:00,49,80,2019-10-31 08:56:02-07:00,60,100,2019-10-08 12:30:07-07:00,62,100,2019-11-08 12:30:07-07:00,80,100,2019-12-08 12:30:07-07:00
Brittany,Pham,bxp39406,76.0,100,2019-08-29 08:56:02-07:00,51,60,2019-09-05 08:56:02-07:00,54,90,2019-09-12 08:56:02-07:00,62,100,2019-09-19 08:56:02-07:00,65,100,2019-09-26 08:56:02-07:00,83,100,2019-10-03 08:56:02-07:00,63,80,2019-10-10 08:56:02-07:00,72,80,2019-10-17 08:56:02-07:00,56,60,2019-10-24 08:56:02-07:00,80,80,2019-10-31 08:56:02-07:00,78,100,2019-10-08 12:30:07-07:00,86,100,2019-11-08 12:30:07-07:00,76,100,2019-12-08 12:30:07-07:00
Calvin,Hill,cxh71998,97.0,100,2019-08-29 08:56:02-07:00,60,60,2019-09-05 08:56:02-07:00,74,90,2019-09-12 08:56:02-07:00,98,100,2019-09-19 08:56:02-07:00,75,100,2019-09-26 08:56:02-07:00,94,100,2019-10-03 08:56:02-07:00,73,80,2019-10-10 08:56:02-07:00,53,80,2019-10-17 08:56:02-07:00,58,60,2019-10-24 08:56:02-07:00,49,80,2019-10-31 08:56:02-07:00,92,100,2019-10-08 12:30:07-07:00,66,100,2019-11-08 12:30:07-07:00,62,100,2019-12-08 12:30:07-07:00
Cameron,Gallagher,cxg26059,89.0,100,2019-08-29 08:56:02-07:00,58,60,2019-09-05 08:56:02-07:00,73,90,2019-09-12 08:56:02-07:00,93,100,2019-09-19 08:56:02-07:00,63,100,2019-09-26 08:56:02-07:00,62,100,2019-10-03 08:56:02-07:00,76,80,2019-10-10 08:56:02-07:00,76,80,2019-10-17 08:56:02-07:00,57,60,2019-10-24 08:56:02-07:00,48,80,2019-10-31 08:56:02-07:00,84,100,2019-10-08 12:30:07-07:00,73,100,2019-11-08 12:30:07-07:00,77,100,2019-12-08 12:30:07-07:00
Carlos,Santos,cxs10454,87.0,100,2019-08-29 08:56:02-07:00,40,60,2019-09-05 08:56:02-07:00,60,90,2019-09-12 08:56:02-07:00,62,100,2019-09-19 08:56:02-07:00,95,100,2019-09-26 08:56:02-07:00,76,100,2019-10-03 08:56:02-07:00,49,80,2019-10-10 08:56:02-07:00,50,80,2019-10-17 08:56:02-07:00,38,60,2019-10-24 08:56:02-07:00,66,80,2019-10-31 08:56:02-07:00,75,100,2019-10-08 12:30:07-07:00,84,100,2019-11-08 12:30:07-07:00,77,100,2019-12-08 12:30:07-07:00
Casey,Dickson,cad69827,76.0,100,2019-08-29 08:56:02-07:00,48,60,2019-09-05 08:56:02-07:00,56,90,2019-09-12 08:56:02-07:00,77,100,2019-09-19 08:56:02-07:00,67,100,2019-09-26 08:56:02-07:00,65,100,2019-10-03 08:56:02-07:00,66,80,2019-10-10 08:56:02-07:00,51,80,2019-10-17 08:56:02-07:00,55,60,2019-10-24 08:56:02-07:00,53,80,2019-10-31 08:56:02-07:00,81,100,2019-10-08 12:30:07-07:00,98,100,2019-11-08 12:30:07-07:00,88,100,2019-12-08 12:30:07-07:00
Catherine,Perkins,cep98102,90.0,100,2019-08-29 08:56:02-07:00,39,60,2019-09-05 08:56:02-07:00,71,90,2019-09-12 08:56:02-07:00,88,100,2019-09-19 08:56:02-07:00,82,100,2019-09-26 08:56:02-07:00,68,100,2019-10-03 08:56:02-07:00,66,80,2019-10-10 08:56:02-07:00,74,80,2019-10-17 08:56:02-07:00,42,60,2019-10-24 08:56:02-07:00,77,80,2019-10-31 08:56:02-07:00,92,100,2019-10-08 12:30:07-07:00,62,100,2019-11-08 12:30:07-07:00,96,100,2019-12-08 12:30:07-07:00
Charles,Jones,cxj85343,70.0,100,2019-08-29 08:56:02-07:00,60,60,2019-09-05 08:56:02-07:00,77,90,2019-09-12 08:56:02-07:00,71,100,2019-09-19 08:56:02-07:00,82,100,2019-09-26 08:56:02-07:00,93,100,2019-10-03 08:56:02-07:00,61,80,2019-10-10 08:56:02-07:00,56,80,2019-10-17 08:56:02-07:00,48,60,2019-10-24 08:56:02-07:00,55,80,2019-10-31 08:56:02-07:00,67,100,2019-10-08 12:30:07-07:00,70,100,2019-11-08 12:30:07-07:00,68,100,2019-12-08 12:30:07-07:00
Chase,Jones,clj71730,92.0,100,2019-08-29 08:56:02-07:00,39,60,2019-09-05 08:56:02-07:00,80,90,2019-09-12 08:56:02-07:00,96,100,2019-09-19 08:56:02-07:00,66,100,2019-09-26 08:56:02-07:00,87,100,2019-10-03 08:56:02-07:00,59,80,2019-10-10 08:56:02-07:00,79,80,2019-10-17 08:56:02-07:00,47,60,2019-10-24 08:56:02-07:00,76,80,2019-10-31 08:56:02-07:00,66,100,2019-10-08 12:30:07-07:00,93,100,2019-11-08 12:30:07-07:00,91,100,2019-12-08 12:30:07-07:00
Chelsea,Knapp,cxk67663,65.0,100,2019-08-29 08:56:02-07:00,53,60,2019-09-05 08:56:02-07:00,80,90,2019-09-12 08:56:02-07:00,96,100,2019-09-19 08:56:02-07:00,70,100,2019-09-26 08:56:02-07:00,73,100,2019-10-03 08:56:02-07:00,66,80,2019-10-10 08:56:02-07:00,58,80,2019-10-17 08:56:02-07:00,50,60,2019-10-24 08:56:02-07:00,69,80,2019-10-31 08:56:02-07:00,77,100,2019-10-08 12:30:07-07:00,78,100,2019-11-08 12:30:07-07:00,84,100,2019-12-08 12:30:07-07:00
Cheryl,Thompson,cjt20722,81.0,100,2019-08-29 08:56:02-07:00,53,60,2019-09-05 08:56:02-07:00,56,90,2019-09-12 08:56:02-07:00,66,100,2019-09-19 08:56:02-07:00,91,100,2019-09-26 08:56:02-07:00,61,100,2019-10-03 08:56:02-07:00,54,80,2019-10-10 08:56:02-07:00,48,80,2019-10-17 08:56:02-07:00,51,60,2019-10-24 08:56:02-07:00,70,80,2019-10-31 08:56:02-07:00,74,100,2019-10-08 12:30:07-07:00,64,100,2019-11-08 12:30:07-07:00,70,100,2019-12-08 12:30:07-07:00
Cheryl,Schmidt,cxs31709,65.0,100,2019-08-29 08:56:02-07:00,47,60,2019-09-05 08:56:02-07:00,69,90,2019-09-12 08:56:02-07:00,62,100,2019-09-19 08:56:02-07:00,90,100,2019-09-26 08:56:02-07:00,92,100,2019-10-03 08:56:02-07:00,67,80,2019-10-10 08:56:02-07:00,51,80,2019-10-17 08:56:02-07:00,36,60,2019-10-24 08:56:02-07:00,55,80,2019-10-31 08:56:02-07:00,71,100,2019-10-08 12:30:07-07:00,94,100,2019-11-08 12:30:07-07:00,65,100,2019-12-08 12:30:07-07:00
Christina,Lee,crl12924,99.0,100,2019-08-29 08:56:02-07:00,56,60,2019-09-05 08:56:02-07:00,68,90,2019-09-12 08:56:02-07:00,99,100,2019-09-19 08:56:02-07:00,78,100,2019-09-26 08:56:02-07:00,91,100,2019-10-03 08:56:02-07:00,66,80,2019-10-10 08:56:02-07:00,78,80,2019-10-17 08:56:02-07:00,40,60,2019-10-24 08:56:02-07:00,76,80,2019-10-31 08:56:02-07:00,79,100,2019-10-08 12:30:07-07:00,78,100,2019-11-08 12:30:07-07:00,74,100,2019-12-08 12:30:07-07:00
Christine,Thomas,cxt12282,83.0,100,2019-08-29 08:56:02-07:00,40,60,2019-09-05 08:56:02-07:00,86,90,2019-09-12 08:56:02-07:00,99,100,2019-09-19 08:56:02-07:00,80,100,2019-09-26 08:56:02-07:00,67,100,2019-10-03 08:56:02-07:00,73,80,2019-10-10 08:56:02-07:00,54,80,2019-10-17 08:56:02-07:00,40,60,2019-10-24 08:56:02-07:00,65,80,2019-10-31 08:56:02-07:00,72,100,2019-10-08 12:30:07-07:00,71,100,2019-11-08 12:30:07-07:00,90,100,2019-12-08 12:30:07-07:00
Christopher,Nunez,ccn88751,85.0,100,2019-08-29 08:56:02-07:00,52,60,2019-09-05 08:56:02-07:00,79,90,2019-09-12 08:56:02-07:00,78,100,2019-09-19 08:56:02-07:00,91,100,2019-09-26 08:56:02-07:00,100,100,2019-10-03 08:56:02-07:00,63,80,2019-10-10 08:56:02-07:00,77,80,2019-10-17 08:56:02-07:00,57,60,2019-10-24 08:56:02-07:00,60,80,2019-10-31 08:56:02-07:00,64,100,2019-10-08 12:30:07-07:00,71,100,2019-11-08 12:30:07-07:00,89,100,2019-12-08 12:30:07-07:00
Christopher,Patel,cxp89602,68.0,100,2019-08-29 08:56:02-07:00,60,60,2019-09-05 08:56:02-07:00,67,90,2019-09-12 08:56:02-07:00,95,100,2019-09-19 08:56:02-07:00,78,100,2019-09-26 08:56:02-07:00,63,100,2019-10-03 08:56:02-07:00,70,80,2019-10-10 08:56:02-07:00,68,80,2019-10-17 08:56:02-07:00,37,60,2019-10-24 08:56:02-07:00,67,80,2019-10-31 08:56:02-07:00,83,100,2019-10-08 12:30:07-07:00,77,100,2019-11-08 12:30:07-07:00,92,100,2019-12-08 12:30:07-07:00
Christopher,Davis,cxd05422,75.0,100,2019-08-29 08:56:02-07:00,53,60,2019-09-05 08:56:02-07:00,54,90,2019-09-12 08:56:02-07:00,69,100,2019-09-19 08:56:02-07:00,88,100,2019-09-26 08:56:02-07:00,70,100,2019-10-03 08:56:02-07:00,55,80,2019-10-10 08:56:02-07:00,59,80,2019-10-17 08:56:02-07:00,53,60,2019-10-24 08:56:02-07:00,75,80,2019-10-31 08:56:02-07:00,76,100,2019-10-08 12:30:07-07:00,72,100,2019-11-08 12:30:07-07:00,99,100,2019-12-08 12:30:07-07:00
Cody,Tran,cxt19401,61.0,100,2019-08-29 08:56:02-07:00,39,60,2019-09-05 08:56:02-07:00,83,90,2019-09-12 08:56:02-07:00,91,100,2019-09-19 08:56:02-07:00,85,100,2019-09-26 08:56:02-07:00,93,100,2019-10-03 08:56:02-07:00,80,80,2019-10-10 08:56:02-07:00,60,80,2019-10-17 08:56:02-07:00,51,60,2019-10-24 08:56:02-07:00,59,80,2019-10-31 08:56:02-07:00,84,100,2019-10-08 12:30:07-07:00,89,100,2019-11-08 12:30:07-07:00,83,100,2019-12-08 12:30:07-07:00
Cynthia,Archer,cxa91524,69.0,100,2019-08-29 08:56:02-07:00,49,60,2019-09-05 08:56:02-07:00,87,90,2019-09-12 08:56:02-07:00,98,100,2019-09-19 08:56:02-07:00,61,100,2019-09-26 08:56:02-07:00,61,100,2019-10-03 08:56:02-07:00,54,80,2019-10-10 08:56:02-07:00,65,80,2019-10-17 08:56:02-07:00,51,60,2019-10-24 08:56:02-07:00,70,80,2019-10-31 08:56:02-07:00,65,100,2019-10-08 12:30:07-07:00,79,100,2019-11-08 12:30:07-07:00,81,100,2019-12-08 12:30:07-07:00
Daniel,Herman,dkh42103,85.0,100,2019-08-29 08:56:02-07:00,37,60,2019-09-05 08:56:02-07:00,84,90,2019-09-12 08:56:02-07:00,67,100,2019-09-19 08:56:02-07:00,61,100,2019-09-26 08:56:02-07:00,69,100,2019-10-03 08:56:02-07:00,78,80,2019-10-10 08:56:02-07:00,75,80,2019-10-17 08:56:02-07:00,44,60,2019-10-24 08:56:02-07:00,49,80,2019-10-31 08:56:02-07:00,92,100,2019-10-08 12:30:07-07:00,76,100,2019-11-08 12:30:07-07:00,91,100,2019-12-08 12:30:07-07:00
Daniel,Dean,dxd30633,91.0,100,2019-08-29 08:56:02-07:00,49,60,2019-09-05 08:56:02-07:00,63,90,2019-09-12 08:56:02-07:00,76,100,2019-09-19 08:56:02-07:00,93,100,2019-09-26 08:56:02-07:00,74,100,2019-10-03 08:56:02-07:00,61,80,2019-10-10 08:56:02-07:00,62,80,2019-10-17 08:56:02-07:00,56,60,2019-10-24 08:56:02-07:00,76,80,2019-10-31 08:56:02-07:00,79,100,2019-10-08 12:30:07-07:00,63,100,2019-11-08 12:30:07-07:00,83,100,2019-12-08 12:30:07-07:00
Daniel,Lee,dkl78802,91.0,100,2019-08-29 08:56:02-07:00,55,60,2019-09-05 08:56:02-07:00,79,90,2019-09-12 08:56:02-07:00,84,100,2019-09-19 08:56:02-07:00,79,100,2019-09-26 08:56:02-07:00,80,100,2019-10-03 08:56:02-07:00,68,80,2019-10-10 08:56:02-07:00,54,80,2019-10-17 08:56:02-07:00,46,60,2019-10-24 08:56:02-07:00,55,80,2019-10-31 08:56:02-07:00,66,100,2019-10-08 12:30:07-07:00,99,100,2019-11-08 12:30:07-07:00,76,100,2019-12-08 12:30:07-07:00
Darren,Bautista,dpb38926,92.0,100,2019-08-29 08:56:02-07:00,53,60,2019-09-05 08:56:02-07:00,54,90,2019-09-12 08:56:02-07:00,71,100,2019-09-19 08:56:02-07:00,92,100,2019-09-26 08:56:02-07:00,87,100,2019-10-03 08:56:02-07:00,55,80,2019-10-10 08:56:02-07:00,55,80,2019-10-17 08:56:02-07:00,57,60,2019-10-24 08:56:02-07:00,62,80,2019-10-31 08:56:02-07:00,61,100,2019-10-08 12:30:07-07:00,84,100,2019-11-08 12:30:07-07:00,79,100,2019-12-08 12:30:07-07:00
David,Sellers,dxs40452,81.0,100,2019-08-29 08:56:02-07:00,49,60,2019-09-05 08:56:02-07:00,76,90,2019-09-12 08:56:02-07:00,86,100,2019-09-19 08:56:02-07:00,60,100,2019-09-26 08:56:02-07:00,83,100,2019-10-03 08:56:02-07:00,77,80,2019-10-10 08:56:02-07:00,57,80,2019-10-17 08:56:02-07:00,36,60,2019-10-24 08:56:02-07:00,62,80,2019-10-31 08:56:02-07:00,69,100,2019-10-08 12:30:07-07:00,90,100,2019-11-08 12:30:07-07:00,90,100,2019-12-08 12:30:07-07:00
David,Green,dxg65331,80.0,100,2019-08-29 08:56:02-07:00,55,60,2019-09-05 08:56:02-07:00,80,90,2019-09-12 08:56:02-07:00,73,100,2019-09-19 08:56:02-07:00,95,100,2019-09-26 08:56:02-07:00,77,100,2019-10-03 08:56:02-07:00,79,80,2019-10-10 08:56:02-07:00,68,80,2019-10-17 08:56:02-07:00,40,60,2019-10-24 08:56:02-07:00,50,80,2019-10-31 08:56:02-07:00,74,100,2019-10-08 12:30:07-07:00,65,100,2019-11-08 12:30:07-07:00,64,100,2019-12-08 12:30:07-07:00
Dawn,Fuller,dxf17355,62.0,100,2019-08-29 08:56:02-07:00,47,60,2019-09-05 08:56:02-07:00,72,90,2019-09-12 08:56:02-07:00,69,100,2019-09-19 08:56:02-07:00,87,100,2019-09-26 08:56:02-07:00,82,100,2019-10-03 08:56:02-07:00,76,80,2019-10-10 08:56:02-07:00,76,80,2019-10-17 08:56:02-07:00,57,60,2019-10-24 08:56:02-07:00,62,80,2019-10-31 08:56:02-07:00,90,100,2019-10-08 12:30:07-07:00,99,100,2019-11-08 12:30:07-07:00,100,100,2019-12-08 12:30:07-07:00
Debbie,Davidson,dxd08420,90.0,100,2019-08-29 08:56:02-07:00,39,60,2019-09-05 08:56:02-07:00,65,90,2019-09-12 08:56:02-07:00,76,100,2019-09-19 08:56:02-07:00,60,100,2019-09-26 08:56:02-07:00,80,100,2019-10-03 08:56:02-07:00,68,80,2019-10-10 08:56:02-07:00,73,80,2019-10-17 08:56:02-07:00,57,60,2019-10-24 08:56:02-07:00,50,80,2019-10-31 08:56:02-07:00,62,100,2019-10-08 12:30:07-07:00,94,100,2019-11-08 12:30:07-07:00,91,100,2019-12-08 12:30:07-07:00
Donald,Baxter,dxb69009,69.0,100,2019-08-29 08:56:02-07:00,57,60,2019-09-05 08:56:02-07:00,86,90,2019-09-12 08:56:02-07:00,81,100,2019-09-19 08:56:02-07:00,76,100,2019-09-26 08:56:02-07:00,89,100,2019-10-03 08:56:02-07:00,71,80,2019-10-10 08:56:02-07:00,58,80,2019-10-17 08:56:02-07:00,38,60,2019-10-24 08:56:02-07:00,59,80,2019-10-31 08:56:02-07:00,62,100,2019-10-08 12:30:07-07:00,89,100,2019-11-08 12:30:07-07:00,81,100,2019-12-08 12:30:07-07:00
Edward,Perez,eap61068,78.0,100,2019-08-29 08:56:02-07:00,58,60,2019-09-05 08:56:02-07:00,75,90,2019-09-12 08:56:02-07:00,89,100,2019-09-19 08:56:02-07:00,89,100,2019-09-26 08:56:02-07:00,100,100,2019-10-03 08:56:02-07:00,54,80,2019-10-10 08:56:02-07:00,48,80,2019-10-17 08:56:02-07:00,60,60,2019-10-24 08:56:02-07:00,53,80,2019-10-31 08:56:02-07:00,77,100,2019-10-08 12:30:07-07:00,77,100,2019-11-08 12:30:07-07:00,73,100,2019-12-08 12:30:07-07:00
Elizabeth,Burton,exb86731,73.0,100,2019-08-29 08:56:02-07:00,56,60,2019-09-05 08:56:02-07:00,79,90,2019-09-12 08:56:02-07:00,67,100,2019-09-19 08:56:02-07:00,99,100,2019-09-26 08:56:02-07:00,88,100,2019-10-03 08:56:02-07:00,71,80,2019-10-10 08:56:02-07:00,79,80,2019-10-17 08:56:02-07:00,43,60,2019-10-24 08:56:02-07:00,75,80,2019-10-31 08:56:02-07:00,74,100,2019-10-08 12:30:07-07:00,95,100,2019-11-08 12:30:07-07:00,96,100,2019-12-08 12:30:07-07:00
Elizabeth,Burns,exb04282,84.0,100,2019-08-29 08:56:02-07:00,56,60,2019-09-05 08:56:02-07:00,83,90,2019-09-12 08:56:02-07:00,98,100,2019-09-19 08:56:02-07:00,89,100,2019-09-26 08:56:02-07:00,89,100,2019-10-03 08:56:02-07:00,53,80,2019-10-10 08:56:02-07:00,77,80,2019-10-17 08:56:02-07:00,41,60,2019-10-24 08:56:02-07:00,74,80,2019-10-31 08:56:02-07:00,100,100,2019-10-08 12:30:07-07:00,78,100,2019-11-08 12:30:07-07:00,60,100,2019-12-08 12:30:07-07:00
Erin,Figueroa,eef70070,69.0,100,2019-08-29 08:56:02-07:00,56,60,2019-09-05 08:56:02-07:00,89,90,2019-09-12 08:56:02-07:00,75,100,2019-09-19 08:56:02-07:00,89,100,2019-09-26 08:56:02-07:00,79,100,2019-10-03 08:56:02-07:00,71,80,2019-10-10 08:56:02-07:00,80,80,2019-10-17 08:56:02-07:00,52,60,2019-10-24 08:56:02-07:00,59,80,2019-10-31 08:56:02-07:00,91,100,2019-10-08 12:30:07-07:00,67,100,2019-11-08 12:30:07-07:00,96,100,2019-12-08 12:30:07-07:00
Erin,English,exe90802,76.0,100,2019-08-29 08:56:02-07:00,53,60,2019-09-05 08:56:02-07:00,57,90,2019-09-12 08:56:02-07:00,95,100,2019-09-19 08:56:02-07:00,95,100,2019-09-26 08:56:02-07:00,80,100,2019-10-03 08:56:02-07:00,53,80,2019-10-10 08:56:02-07:00,60,80,2019-10-17 08:56:02-07:00,50,60,2019-10-24 08:56:02-07:00,51,80,2019-10-31 08:56:02-07:00,68,100,2019-10-08 12:30:07-07:00,98,100,2019-11-08 12:30:07-07:00,86,100,2019-12-08 12:30:07-07:00
Felicia,Calderon,fjc75585,77.0,100,2019-08-29 08:56:02-07:00,55,60,2019-09-05 08:56:02-07:00,84,90,2019-09-12 08:56:02-07:00,70,100,2019-09-19 08:56:02-07:00,80,100,2019-09-26 08:56:02-07:00,93,100,2019-10-03 08:56:02-07:00,73,80,2019-10-10 08:56:02-07:00,48,80,2019-10-17 08:56:02-07:00,38,60,2019-10-24 08:56:02-07:00,50,80,2019-10-31 08:56:02-07:00,96,100,2019-10-08 12:30:07-07:00,87,100,2019-11-08 12:30:07-07:00,93,100,2019-12-08 12:30:07-07:00
Felicia,Zuniga,frz40325,61.0,100,2019-08-29 08:56:02-07:00,59,60,2019-09-05 08:56:02-07:00,54,90,2019-09-12 08:56:02-07:00,65,100,2019-09-19 08:56:02-07:00,99,100,2019-09-26 08:56:02-07:00,67,100,2019-10-03 08:56:02-07:00,73,80,2019-10-10 08:56:02-07:00,73,80,2019-10-17 08:56:02-07:00,46,60,2019-10-24 08:56:02-07:00,57,80,2019-10-31 08:56:02-07:00,74,100,2019-10-08 12:30:07-07:00,65,100,2019-11-08 12:30:07-07:00,72,100,2019-12-08 12:30:07-07:00
Frank,Tyler,fxt62545,84.0,100,2019-08-29 08:56:02-07:00,46,60,2019-09-05 08:56:02-07:00,69,90,2019-09-12 08:56:02-07:00,68,100,2019-09-19 08:56:02-07:00,85,100,2019-09-26 08:56:02-07:00,71,100,2019-10-03 08:56:02-07:00,72,80,2019-10-10 08:56:02-07:00,55,80,2019-10-17 08:56:02-07:00,53,60,2019-10-24 08:56:02-07:00,68,80,2019-10-31 08:56:02-07:00,89,100,2019-10-08 12:30:07-07:00,60,100,2019-11-08 12:30:07-07:00,66,100,2019-12-08 12:30:07-07:00
Gloria,Alvarez,gsa80084,97.0,100,2019-08-29 08:56:02-07:00,59,60,2019-09-05 08:56:02-07:00,81,90,2019-09-12 08:56:02-07:00,82,100,2019-09-19 08:56:02-07:00,77,100,2019-09-26 08:56:02-07:00,61,100,2019-10-03 08:56:02-07:00,52,80,2019-10-10 08:56:02-07:00,57,80,2019-10-17 08:56:02-07:00,58,60,2019-10-24 08:56:02-07:00,57,80,2019-10-31 08:56:02-07:00,61,100,2019-10-08 12:30:07-07:00,63,100,2019-11-08 12:30:07-07:00,69,100,2019-12-08 12:30:07-07:00
Gregory,Yu,gxy44950,70.0,100,2019-08-29 08:56:02-07:00,51,60,2019-09-05 08:56:02-07:00,77,90,2019-09-12 08:56:02-07:00,61,100,2019-09-19 08:56:02-07:00,63,100,2019-09-26 08:56:02-07:00,81,100,2019-10-03 08:56:02-07:00,77,80,2019-10-10 08:56:02-07:00,59,80,2019-10-17 08:56:02-07:00,45,60,2019-10-24 08:56:02-07:00,71,80,2019-10-31 08:56:02-07:00,72,100,2019-10-08 12:30:07-07:00,82,100,2019-11-08 12:30:07-07:00,89,100,2019-12-08 12:30:07-07:00
Gregory,Glenn,gmg77937,74.0,100,2019-08-29 08:56:02-07:00,46,60,2019-09-05 08:56:02-07:00,66,90,2019-09-12 08:56:02-07:00,83,100,2019-09-19 08:56:02-07:00,90,100,2019-09-26 08:56:02-07:00,72,100,2019-10-03 08:56:02-07:00,70,80,2019-10-10 08:56:02-07:00,64,80,2019-10-17 08:56:02-07:00,41,60,2019-10-24 08:56:02-07:00,56,80,2019-10-31 08:56:02-07:00,90,100,2019-10-08 12:30:07-07:00,62,100,2019-11-08 12:30:07-07:00,65,100,2019-12-08 12:30:07-07:00
Gregory,Turner,gxt15050,65.0,100,2019-08-29 08:56:02-07:00,54,60,2019-09-05 08:56:02-07:00,69,90,2019-09-12 08:56:02-07:00,95,100,2019-09-19 08:56:02-07:00,90,100,2019-09-26 08:56:02-07:00,78,100,2019-10-03 08:56:02-07:00,71,80,2019-10-10 08:56:02-07:00,80,80,2019-10-17 08:56:02-07:00,37,60,2019-10-24 08:56:02-07:00,65,80,2019-10-31 08:56:02-07:00,78,100,2019-10-08 12:30:07-07:00,82,100,2019-11-08 12:30:07-07:00,98,100,2019-12-08 12:30:07-07:00
Heather,Miller,hxm83188,70.0,100,2019-08-29 08:56:02-07:00,36,60,2019-09-05 08:56:02-07:00,60,90,2019-09-12 08:56:02-07:00,65,100,2019-09-19 08:56:02-07:00,96,100,2019-09-26 08:56:02-07:00,87,100,2019-10-03 08:56:02-07:00,74,80,2019-10-10 08:56:02-07:00,50,80,2019-10-17 08:56:02-07:00,51,60,2019-10-24 08:56:02-07:00,77,80,2019-10-31 08:56:02-07:00,77,100,2019-10-08 12:30:07-07:00,79,100,2019-11-08 12:30:07-07:00,96,100,2019-12-08 12:30:07-07:00
Jack,Meyer,jxm47033,71.0,100,2019-08-29 08:56:02-07:00,50,60,2019-09-05 08:56:02-07:00,59,90,2019-09-12 08:56:02-07:00,68,100,2019-09-19 08:56:02-07:00,98,100,2019-09-26 08:56:02-07:00,85,100,2019-10-03 08:56:02-07:00,71,80,2019-10-10 08:56:02-07:00,79,80,2019-10-17 08:56:02-07:00,57,60,2019-10-24 08:56:02-07:00,76,80,2019-10-31 08:56:02-07:00,81,100,2019-10-08 12:30:07-07:00,61,100,2019-11-08 12:30:07-07:00,85,100,2019-12-08 12:30:07-07:00
Jack,Jenkins,jjj70805,60.0,100,2019-08-29 08:56:02-07:00,52,60,2019-09-05 08:56:02-07:00,88,90,2019-09-12 08:56:02-07:00,69,100,2019-09-19 08:56:02-07:00,86,100,2019-09-26 08:56:02-07:00,61,100,2019-10-03 08:56:02-07:00,75,80,2019-10-10 08:56:02-07:00,71,80,2019-10-17 08:56:02-07:00,37,60,2019-10-24 08:56:02-07:00,59,80,2019-10-31 08:56:02-07:00,60,100,2019-10-08 12:30:07-07:00,92,100,2019-11-08 12:30:07-07:00,75,100,2019-12-08 12:30:07-07:00
Jacob,Berry,jbb40508,98.0,100,2019-08-29 08:56:02-07:00,42,60,2019-09-05 08:56:02-07:00,84,90,2019-09-12 08:56:02-07:00,97,100,2019-09-19 08:56:02-07:00,73,100,2019-09-26 08:56:02-07:00,60,100,2019-10-03 08:56:02-07:00,66,80,2019-10-10 08:56:02-07:00,61,80,2019-10-17 08:56:02-07:00,50,60,2019-10-24 08:56:02-07:00,80,80,2019-10-31 08:56:02-07:00,68,100,2019-10-08 12:30:07-07:00,78,100,2019-11-08 12:30:07-07:00,89,100,2019-12-08 12:30:07-07:00
Janet,Hernandez,jdh43008,91.0,100,2019-08-29 08:56:02-07:00,37,60,2019-09-05 08:56:02-07:00,64,90,2019-09-12 08:56:02-07:00,67,100,2019-09-19 08:56:02-07:00,76,100,2019-09-26 08:56:02-07:00,86,100,2019-10-03 08:56:02-07:00,60,80,2019-10-10 08:56:02-07:00,48,80,2019-10-17 08:56:02-07:00,36,60,2019-10-24 08:56:02-07:00,71,80,2019-10-31 08:56:02-07:00,95,100,2019-10-08 12:30:07-07:00,84,100,2019-11-08 12:30:07-07:00,75,100,2019-12-08 12:30:07-07:00
Jason,Hawkins,jjh58247,83.0,100,2019-08-29 08:56:02-07:00,48,60,2019-09-05 08:56:02-07:00,74,90,2019-09-12 08:56:02-07:00,98,100,2019-09-19 08:56:02-07:00,80,100,2019-09-26 08:56:02-07:00,97,100,2019-10-03 08:56:02-07:00,61,80,2019-10-10 08:56:02-07:00,57,80,2019-10-17 08:56:02-07:00,60,60,2019-10-24 08:56:02-07:00,75,80,2019-10-31 08:56:02-07:00,75,100,2019-10-08 12:30:07-07:00,75,100,2019-11-08 12:30:07-07:00,91,100,2019-12-08 12:30:07-07:00
Jeff,Todd,jrt67930,92.0,100,2019-08-29 08:56:02-07:00,54,60,2019-09-05 08:56:02-07:00,85,90,2019-09-12 08:56:02-07:00,62,100,2019-09-19 08:56:02-07:00,65,100,2019-09-26 08:56:02-07:00,99,100,2019-10-03 08:56:02-07:00,77,80,2019-10-10 08:56:02-07:00,71,80,2019-10-17 08:56:02-07:00,45,60,2019-10-24 08:56:02-07:00,50,80,2019-10-31 08:56:02-07:00,64,100,2019-10-08 12:30:07-07:00,93,100,2019-11-08 12:30:07-07:00,93,100,2019-12-08 12:30:07-07:00
Jeffrey,Little,jjl92159,74.0,100,2019-08-29 08:56:02-07:00,60,60,2019-09-05 08:56:02-07:00,88,90,2019-09-12 08:56:02-07:00,85,100,2019-09-19 08:56:02-07:00,61,100,2019-09-26 08:56:02-07:00,97,100,2019-10-03 08:56:02-07:00,70,80,2019-10-10 08:56:02-07:00,75,80,2019-10-17 08:56:02-07:00,59,60,2019-10-24 08:56:02-07:00,73,80,2019-10-31 08:56:02-07:00,67,100,2019-10-08 12:30:07-07:00,95,100,2019-11-08 12:30:07-07:00,93,100,2019-12-08 12:30:07-07:00
Jennifer,Hernandez,jwh42925,81.0,100,2019-08-29 08:56:02-07:00,49,60,2019-09-05 08:56:02-07:00,83,90,2019-09-12 08:56:02-07:00,82,100,2019-09-19 08:56:02-07:00,66,100,2019-09-26 08:56:02-07:00,92,100,2019-10-03 08:56:02-07:00,60,80,2019-10-10 08:56:02-07:00,57,80,2019-10-17 08:56:02-07:00,48,60,2019-10-24 08:56:02-07:00,74,80,2019-10-31 08:56:02-07:00,78,100,2019-10-08 12:30:07-07:00,91,100,2019-11-08 12:30:07-07:00,84,100,2019-12-08 12:30:07-07:00
Jennifer,Miller,jxm86374,74.0,100,2019-08-29 08:56:02-07:00,57,60,2019-09-05 08:56:02-07:00,69,90,2019-09-12 08:56:02-07:00,94,100,2019-09-19 08:56:02-07:00,73,100,2019-09-26 08:56:02-07:00,100,100,2019-10-03 08:56:02-07:00,79,80,2019-10-10 08:56:02-07:00,69,80,2019-10-17 08:56:02-07:00,43,60,2019-10-24 08:56:02-07:00,66,80,2019-10-31 08:56:02-07:00,82,100,2019-10-08 12:30:07-07:00,77,100,2019-11-08 12:30:07-07:00,66,100,2019-12-08 12:30:07-07:00
Jennifer,Spencer,jjs71468,60.0,100,2019-08-29 08:56:02-07:00,53,60,2019-09-05 08:56:02-07:00,64,90,2019-09-12 08:56:02-07:00,63,100,2019-09-19 08:56:02-07:00,71,100,2019-09-26 08:56:02-07:00,82,100,2019-10-03 08:56:02-07:00,61,80,2019-10-10 08:56:02-07:00,53,80,2019-10-17 08:56:02-07:00,59,60,2019-10-24 08:56:02-07:00,77,80,2019-10-31 08:56:02-07:00,96,100,2019-10-08 12:30:07-07:00,60,100,2019-11-08 12:30:07-07:00,93,100,2019-12-08 12:30:07-07:00
Jennifer,Olsen,jxo03543,83.0,100,2019-08-29 08:56:02-07:00,36,60,2019-09-05 08:56:02-07:00,82,90,2019-09-12 08:56:02-07:00,73,100,2019-09-19 08:56:02-07:00,73,100,2019-09-26 08:56:02-07:00,89,100,2019-10-03 08:56:02-07:00,51,80,2019-10-10 08:56:02-07:00,54,80,2019-10-17 08:56:02-07:00,46,60,2019-10-24 08:56:02-07:00,56,80,2019-10-31 08:56:02-07:00,81,100,2019-10-08 12:30:07-07:00,74,100,2019-11-08 12:30:07-07:00,78,100,2019-12-08 12:30:07-07:00
Jenny,Ramsey,jxr19825,92.0,100,2019-08-29 08:56:02-07:00,54,60,2019-09-05 08:56:02-07:00,68,90,2019-09-12 08:56:02-07:00,79,100,2019-09-19 08:56:02-07:00,78,100,2019-09-26 08:56:02-07:00,76,100,2019-10-03 08:56:02-07:00,54,80,2019-10-10 08:56:02-07:00,75,80,2019-10-17 08:56:02-07:00,49,60,2019-10-24 08:56:02-07:00,67,80,2019-10-31 08:56:02-07:00,69,100,2019-10-08 12:30:07-07:00,91,100,2019-11-08 12:30:07-07:00,60,100,2019-12-08 12:30:07-07:00
Jeremy,Black,jnb42925,65.0,100,2019-08-29 08:56:02-07:00,44,60,2019-09-05 08:56:02-07:00,88,90,2019-09-12 08:56:02-07:00,66,100,2019-09-19 08:56:02-07:00,78,100,2019-09-26 08:56:02-07:00,62,100,2019-10-03 08:56:02-07:00,51,80,2019-10-10 08:56:02-07:00,59,80,2019-10-17 08:56:02-07:00,43,60,2019-10-24 08:56:02-07:00,66,80,2019-10-31 08:56:02-07:00,79,100,2019-10-08 12:30:07-07:00,79,100,2019-11-08 12:30:07-07:00,80,100,2019-12-08 12:30:07-07:00
Jerome,Munoz,jcm86673,89.0,100,2019-08-29 08:56:02-07:00,42,60,2019-09-05 08:56:02-07:00,88,90,2019-09-12 08:56:02-07:00,99,100,2019-09-19 08:56:02-07:00,64,100,2019-09-26 08:56:02-07:00,76,100,2019-10-03 08:56:02-07:00,68,80,2019-10-10 08:56:02-07:00,52,80,2019-10-17 08:56:02-07:00,53,60,2019-10-24 08:56:02-07:00,58,80,2019-10-31 08:56:02-07:00,92,100,2019-10-08 12:30:07-07:00,75,100,2019-11-08 12:30:07-07:00,76,100,2019-12-08 12:30:07-07:00
Jessica,Rodriguez,jar68061,78.0,100,2019-08-29 08:56:02-07:00,39,60,2019-09-05 08:56:02-07:00,61,90,2019-09-12 08:56:02-07:00,70,100,2019-09-19 08:56:02-07:00,88,100,2019-09-26 08:56:02-07:00,74,100,2019-10-03 08:56:02-07:00,80,80,2019-10-10 08:56:02-07:00,74,80,2019-10-17 08:56:02-07:00,44,60,2019-10-24 08:56:02-07:00,54,80,2019-10-31 08:56:02-07:00,80,100,2019-10-08 12:30:07-07:00,67,100,2019-11-08 12:30:07-07:00,73,100,2019-12-08 12:30:07-07:00
John,Howard,jah64470,61.0,100,2019-08-29 08:56:02-07:00,41,60,2019-09-05 08:56:02-07:00,74,90,2019-09-12 08:56:02-07:00,85,100,2019-09-19 08:56:02-07:00,71,100,2019-09-26 08:56:02-07:00,80,100,2019-10-03 08:56:02-07:00,60,80,2019-10-10 08:56:02-07:00,50,80,2019-10-17 08:56:02-07:00,47,60,2019-10-24 08:56:02-07:00,63,80,2019-10-31 08:56:02-07:00,97,100,2019-10-08 12:30:07-07:00,72,100,2019-11-08 12:30:07-07:00,86,100,2019-12-08 12:30:07-07:00
Gregg,Flower,jgf12345,95.0,100,2019-08-29 08:56:02-07:00,46,60,2019-09-05 08:56:02-07:00,66,90,2019-09-12 08:56:02-07:00,88,100,2019-09-19 08:56:02-07:00,100,100,2019-09-26 08:56:02-07:00,81,100,2019-10-03 08:56:02-07:00,80,80,2019-10-10 08:56:02-07:00,77,80,2019-10-17 08:56:02-07:00,57,60,2019-10-24 08:56:02-07:00,55,80,2019-10-31 08:56:02-07:00,95,100,2019-10-08 12:30:07-07:00,77,100,2019-11-08 12:30:07-07:00,80,100,2019-12-08 12:30:07-07:00
Jon,Brown,jxb48517,95.0,100,2019-08-29 08:56:02-07:00,48,60,2019-09-05 08:56:02-07:00,70,90,2019-09-12 08:56:02-07:00,88,100,2019-09-19 08:56:02-07:00,85,100,2019-09-26 08:56:02-07:00,100,100,2019-10-03 08:56:02-07:00,76,80,2019-10-10 08:56:02-07:00,58,80,2019-10-17 08:56:02-07:00,54,60,2019-10-24 08:56:02-07:00,56,80,2019-10-31 08:56:02-07:00,75,100,2019-10-08 12:30:07-07:00,90,100,2019-11-08 12:30:07-07:00,66,100,2019-12-08 12:30:07-07:00
Joseph,Turner,jct95195,60.0,100,2019-08-29 08:56:02-07:00,56,60,2019-09-05 08:56:02-07:00,81,90,2019-09-12 08:56:02-07:00,62,100,2019-09-19 08:56:02-07:00,85,100,2019-09-26 08:56:02-07:00,81,100,2019-10-03 08:56:02-07:00,67,80,2019-10-10 08:56:02-07:00,61,80,2019-10-17 08:56:02-07:00,50,60,2019-10-24 08:56:02-07:00,62,80,2019-10-31 08:56:02-07:00,94,100,2019-10-08 12:30:07-07:00,72,100,2019-11-08 12:30:07-07:00,86,100,2019-12-08 12:30:07-07:00
Joshua,Wood,jxw59593,72.0,100,2019-08-29 08:56:02-07:00,37,60,2019-09-05 08:56:02-07:00,88,90,2019-09-12 08:56:02-07:00,96,100,2019-09-19 08:56:02-07:00,97,100,2019-09-26 08:56:02-07:00,95,100,2019-10-03 08:56:02-07:00,79,80,2019-10-10 08:56:02-07:00,52,80,2019-10-17 08:56:02-07:00,44,60,2019-10-24 08:56:02-07:00,68,80,2019-10-31 08:56:02-07:00,95,100,2019-10-08 12:30:07-07:00,96,100,2019-11-08 12:30:07-07:00,85,100,2019-12-08 12:30:07-07:00
Karen,Mcdowell,kkm13403,77.0,100,2019-08-29 08:56:02-07:00,37,60,2019-09-05 08:56:02-07:00,75,90,2019-09-12 08:56:02-07:00,64,100,2019-09-19 08:56:02-07:00,67,100,2019-09-26 08:56:02-07:00,76,100,2019-10-03 08:56:02-07:00,71,80,2019-10-10 08:56:02-07:00,71,80,2019-10-17 08:56:02-07:00,46,60,2019-10-24 08:56:02-07:00,64,80,2019-10-31 08:56:02-07:00,68,100,2019-10-08 12:30:07-07:00,89,100,2019-11-08 12:30:07-07:00,94,100,2019-12-08 12:30:07-07:00
Karen,Miller,kcm67588,82.0,100,2019-08-29 08:56:02-07:00,46,60,2019-09-05 08:56:02-07:00,80,90,2019-09-12 08:56:02-07:00,60,100,2019-09-19 08:56:02-07:00,89,100,2019-09-26 08:56:02-07:00,89,100,2019-10-03 08:56:02-07:00,60,80,2019-10-10 08:56:02-07:00,63,80,2019-10-17 08:56:02-07:00,53,60,2019-10-24 08:56:02-07:00,75,80,2019-10-31 08:56:02-07:00,71,100,2019-10-08 12:30:07-07:00,78,100,2019-11-08 12:30:07-07:00,87,100,2019-12-08 12:30:07-07:00
Kevin,Dean,kxd98201,93.0,100,2019-08-29 08:56:02-07:00,46,60,2019-09-05 08:56:02-07:00,59,90,2019-09-12 08:56:02-07:00,81,100,2019-09-19 08:56:02-07:00,60,100,2019-09-26 08:56:02-07:00,88,100,2019-10-03 08:56:02-07:00,54,80,2019-10-10 08:56:02-07:00,57,80,2019-10-17 08:56:02-07:00,44,60,2019-10-24 08:56:02-07:00,59,80,2019-10-31 08:56:02-07:00,81,100,2019-10-08 12:30:07-07:00,63,100,2019-11-08 12:30:07-07:00,85,100,2019-12-08 12:30:07-07:00
Kevin,White,kjw33806,73.0,100,2019-08-29 08:56:02-07:00,42,60,2019-09-05 08:56:02-07:00,79,90,2019-09-12 08:56:02-07:00,67,100,2019-09-19 08:56:02-07:00,65,100,2019-09-26 08:56:02-07:00,87,100,2019-10-03 08:56:02-07:00,75,80,2019-10-10 08:56:02-07:00,63,80,2019-10-17 08:56:02-07:00,51,60,2019-10-24 08:56:02-07:00,64,80,2019-10-31 08:56:02-07:00,70,100,2019-10-08 12:30:07-07:00,94,100,2019-11-08 12:30:07-07:00,81,100,2019-12-08 12:30:07-07:00
Kevin,Baker,kxb12460,93.0,100,2019-08-29 08:56:02-07:00,57,60,2019-09-05 08:56:02-07:00,85,90,2019-09-12 08:56:02-07:00,77,100,2019-09-19 08:56:02-07:00,88,100,2019-09-26 08:56:02-07:00,83,100,2019-10-03 08:56:02-07:00,66,80,2019-10-10 08:56:02-07:00,73,80,2019-10-17 08:56:02-07:00,36,60,2019-10-24 08:56:02-07:00,57,80,2019-10-31 08:56:02-07:00,75,100,2019-10-08 12:30:07-07:00,100,100,2019-11-08 12:30:07-07:00,85,100,2019-12-08 12:30:07-07:00
Kimberly,Henderson,kjh60744,97.0,100,2019-08-29 08:56:02-07:00,50,60,2019-09-05 08:56:02-07:00,81,90,2019-09-12 08:56:02-07:00,86,100,2019-09-19 08:56:02-07:00,87,100,2019-09-26 08:56:02-07:00,61,100,2019-10-03 08:56:02-07:00,53,80,2019-10-10 08:56:02-07:00,73,80,2019-10-17 08:56:02-07:00,40,60,2019-10-24 08:56:02-07:00,58,80,2019-10-31 08:56:02-07:00,92,100,2019-10-08 12:30:07-07:00,64,100,2019-11-08 12:30:07-07:00,68,100,2019-12-08 12:30:07-07:00
Kyle,Wagner,krw81756,97.0,100,2019-08-29 08:56:02-07:00,51,60,2019-09-05 08:56:02-07:00,64,90,2019-09-12 08:56:02-07:00,62,100,2019-09-19 08:56:02-07:00,65,100,2019-09-26 08:56:02-07:00,76,100,2019-10-03 08:56:02-07:00,53,80,2019-10-10 08:56:02-07:00,57,80,2019-10-17 08:56:02-07:00,59,60,2019-10-24 08:56:02-07:00,64,80,2019-10-31 08:56:02-07:00,71,100,2019-10-08 12:30:07-07:00,78,100,2019-11-08 12:30:07-07:00,81,100,2019-12-08 12:30:07-07:00
Laura,Espinoza,lme00270,80.0,100,2019-08-29 08:56:02-07:00,40,60,2019-09-05 08:56:02-07:00,54,90,2019-09-12 08:56:02-07:00,64,100,2019-09-19 08:56:02-07:00,76,100,2019-09-26 08:56:02-07:00,80,100,2019-10-03 08:56:02-07:00,50,80,2019-10-10 08:56:02-07:00,80,80,2019-10-17 08:56:02-07:00,42,60,2019-10-24 08:56:02-07:00,68,80,2019-10-31 08:56:02-07:00,94,100,2019-10-08 12:30:07-07:00,72,100,2019-11-08 12:30:07-07:00,76,100,2019-12-08 12:30:07-07:00
Leah,Baker,lnb72237,79.0,100,2019-08-29 08:56:02-07:00,36,60,2019-09-05 08:56:02-07:00,81,90,2019-09-12 08:56:02-07:00,93,100,2019-09-19 08:56:02-07:00,63,100,2019-09-26 08:56:02-07:00,85,100,2019-10-03 08:56:02-07:00,67,80,2019-10-10 08:56:02-07:00,50,80,2019-10-17 08:56:02-07:00,54,60,2019-10-24 08:56:02-07:00,71,80,2019-10-31 08:56:02-07:00,100,100,2019-10-08 12:30:07-07:00,72,100,2019-11-08 12:30:07-07:00,68,100,2019-12-08 12:30:07-07:00
Lori,Hernandez,lxh37504,97.0,100,2019-08-29 08:56:02-07:00,36,60,2019-09-05 08:56:02-07:00,65,90,2019-09-12 08:56:02-07:00,96,100,2019-09-19 08:56:02-07:00,99,100,2019-09-26 08:56:02-07:00,82,100,2019-10-03 08:56:02-07:00,72,80,2019-10-10 08:56:02-07:00,52,80,2019-10-17 08:56:02-07:00,40,60,2019-10-24 08:56:02-07:00,71,80,2019-10-31 08:56:02-07:00,77,100,2019-10-08 12:30:07-07:00,89,100,2019-11-08 12:30:07-07:00,90,100,2019-12-08 12:30:07-07:00
Lori,Martin,lxm97591,89.0,100,2019-08-29 08:56:02-07:00,56,60,2019-09-05 08:56:02-07:00,56,90,2019-09-12 08:56:02-07:00,92,100,2019-09-19 08:56:02-07:00,66,100,2019-09-26 08:56:02-07:00,72,100,2019-10-03 08:56:02-07:00,59,80,2019-10-10 08:56:02-07:00,59,80,2019-10-17 08:56:02-07:00,58,60,2019-10-24 08:56:02-07:00,60,80,2019-10-31 08:56:02-07:00,66,100,2019-10-08 12:30:07-07:00,69,100,2019-11-08 12:30:07-07:00,74,100,2019-12-08 12:30:07-07:00
Makayla,Meyer,mdm85926,100.0,100,2019-08-29 08:56:02-07:00,42,60,2019-09-05 08:56:02-07:00,60,90,2019-09-12 08:56:02-07:00,61,100,2019-09-19 08:56:02-07:00,77,100,2019-09-26 08:56:02-07:00,64,100,2019-10-03 08:56:02-07:00,65,80,2019-10-10 08:56:02-07:00,67,80,2019-10-17 08:56:02-07:00,40,60,2019-10-24 08:56:02-07:00,64,80,2019-10-31 08:56:02-07:00,88,100,2019-10-08 12:30:07-07:00,70,100,2019-11-08 12:30:07-07:00,72,100,2019-12-08 12:30:07-07:00
Malaika,Lambert,mxl12345,69.0,100,2019-08-29 08:56:02-07:00,49,60,2019-09-05 08:56:02-07:00,85,90,2019-09-12 08:56:02-07:00,60,100,2019-09-19 08:56:02-07:00,70,100,2019-09-26 08:56:02-07:00,91,100,2019-10-03 08:56:02-07:00,63,80,2019-10-10 08:56:02-07:00,62,80,2019-10-17 08:56:02-07:00,57,60,2019-10-24 08:56:02-07:00,57,80,2019-10-31 08:56:02-07:00,98,100,2019-10-08 12:30:07-07:00,67,100,2019-11-08 12:30:07-07:00,97,100,2019-12-08 12:30:07-07:00
Marie,Love,mxl58475,78.0,100,2019-08-29 08:56:02-07:00,39,60,2019-09-05 08:56:02-07:00,80,90,2019-09-12 08:56:02-07:00,83,100,2019-09-19 08:56:02-07:00,100,100,2019-09-26 08:56:02-07:00,81,100,2019-10-03 08:56:02-07:00,56,80,2019-10-10 08:56:02-07:00,72,80,2019-10-17 08:56:02-07:00,60,60,2019-10-24 08:56:02-07:00,52,80,2019-10-31 08:56:02-07:00,61,100,2019-10-08 12:30:07-07:00,63,100,2019-11-08 12:30:07-07:00,73,100,2019-12-08 12:30:07-07:00
Mark,Smith,mxs10343,88.0,100,2019-08-29 08:56:02-07:00,52,60,2019-09-05 08:56:02-07:00,63,90,2019-09-12 08:56:02-07:00,72,100,2019-09-19 08:56:02-07:00,91,100,2019-09-26 08:56:02-07:00,87,100,2019-10-03 08:56:02-07:00,76,80,2019-10-10 08:56:02-07:00,54,80,2019-10-17 08:56:02-07:00,56,60,2019-10-24 08:56:02-07:00,59,80,2019-10-31 08:56:02-07:00,80,100,2019-10-08 12:30:07-07:00,94,100,2019-11-08 12:30:07-07:00,65,100,2019-12-08 12:30:07-07:00
Mary,Thomas,mpt94337,82.0,100,2019-08-29 08:56:02-07:00,54,60,2019-09-05 08:56:02-07:00,76,90,2019-09-12 08:56:02-07:00,60,100,2019-09-19 08:56:02-07:00,65,100,2019-09-26 08:56:02-07:00,67,100,2019-10-03 08:56:02-07:00,72,80,2019-10-10 08:56:02-07:00,80,80,2019-10-17 08:56:02-07:00,56,60,2019-10-24 08:56:02-07:00,73,80,2019-10-31 08:56:02-07:00,93,100,2019-10-08 12:30:07-07:00,62,100,2019-11-08 12:30:07-07:00,86,100,2019-12-08 12:30:07-07:00
Mary,Jones,mxj42062,64.0,100,2019-08-29 08:56:02-07:00,42,60,2019-09-05 08:56:02-07:00,88,90,2019-09-12 08:56:02-07:00,90,100,2019-09-19 08:56:02-07:00,94,100,2019-09-26 08:56:02-07:00,91,100,2019-10-03 08:56:02-07:00,60,80,2019-10-10 08:56:02-07:00,75,80,2019-10-17 08:56:02-07:00,57,60,2019-10-24 08:56:02-07:00,51,80,2019-10-31 08:56:02-07:00,99,100,2019-10-08 12:30:07-07:00,61,100,2019-11-08 12:30:07-07:00,86,100,2019-12-08 12:30:07-07:00
Mary,Turner,mxt58181,99.0,100,2019-08-29 08:56:02-07:00,56,60,2019-09-05 08:56:02-07:00,89,90,2019-09-12 08:56:02-07:00,93,100,2019-09-19 08:56:02-07:00,72,100,2019-09-26 08:56:02-07:00,98,100,2019-10-03 08:56:02-07:00,48,80,2019-10-10 08:56:02-07:00,60,80,2019-10-17 08:56:02-07:00,37,60,2019-10-24 08:56:02-07:00,74,80,2019-10-31 08:56:02-07:00,62,100,2019-10-08 12:30:07-07:00,62,100,2019-11-08 12:30:07-07:00,74,100,2019-12-08 12:30:07-07:00
Melissa,Holloway,mjh35671,69.0,100,2019-08-29 08:56:02-07:00,52,60,2019-09-05 08:56:02-07:00,55,90,2019-09-12 08:56:02-07:00,87,100,2019-09-19 08:56:02-07:00,68,100,2019-09-26 08:56:02-07:00,99,100,2019-10-03 08:56:02-07:00,71,80,2019-10-10 08:56:02-07:00,79,80,2019-10-17 08:56:02-07:00,54,60,2019-10-24 08:56:02-07:00,67,80,2019-10-31 08:56:02-07:00,73,100,2019-10-08 12:30:07-07:00,74,100,2019-11-08 12:30:07-07:00,64,100,2019-12-08 12:30:07-07:00
Michael,Bowman,msb50619,88.0,100,2019-08-29 08:56:02-07:00,58,60,2019-09-05 08:56:02-07:00,82,90,2019-09-12 08:56:02-07:00,71,100,2019-09-19 08:56:02-07:00,100,100,2019-09-26 08:56:02-07:00,64,100,2019-10-03 08:56:02-07:00,75,80,2019-10-10 08:56:02-07:00,59,80,2019-10-17 08:56:02-07:00,53,60,2019-10-24 08:56:02-07:00,63,80,2019-10-31 08:56:02-07:00,88,100,2019-10-08 12:30:07-07:00,97,100,2019-11-08 12:30:07-07:00,82,100,2019-12-08 12:30:07-07:00
Michael,Sharp,mds70567,78.0,100,2019-08-29 08:56:02-07:00,42,60,2019-09-05 08:56:02-07:00,67,90,2019-09-12 08:56:02-07:00,85,100,2019-09-19 08:56:02-07:00,93,100,2019-09-26 08:56:02-07:00,95,100,2019-10-03 08:56:02-07:00,66,80,2019-10-10 08:56:02-07:00,50,80,2019-10-17 08:56:02-07:00,53,60,2019-10-24 08:56:02-07:00,48,80,2019-10-31 08:56:02-07:00,92,100,2019-10-08 12:30:07-07:00,94,100,2019-11-08 12:30:07-07:00,95,100,2019-12-08 12:30:07-07:00
Michael,Ellis,mbe87487,74.0,100,2019-08-29 08:56:02-07:00,58,60,2019-09-05 08:56:02-07:00,62,90,2019-09-12 08:56:02-07:00,94,100,2019-09-19 08:56:02-07:00,66,100,2019-09-26 08:56:02-07:00,96,100,2019-10-03 08:56:02-07:00,61,80,2019-10-10 08:56:02-07:00,76,80,2019-10-17 08:56:02-07:00,53,60,2019-10-24 08:56:02-07:00,69,80,2019-10-31 08:56:02-07:00,66,100,2019-10-08 12:30:07-07:00,74,100,2019-11-08 12:30:07-07:00,92,100,2019-12-08 12:30:07-07:00
Michael,Tanner,mnt83593,69.0,100,2019-08-29 08:56:02-07:00,42,60,2019-09-05 08:56:02-07:00,55,90,2019-09-12 08:56:02-07:00,88,100,2019-09-19 08:56:02-07:00,83,100,2019-09-26 08:56:02-07:00,83,100,2019-10-03 08:56:02-07:00,60,80,2019-10-10 08:56:02-07:00,56,80,2019-10-17 08:56:02-07:00,50,60,2019-10-24 08:56:02-07:00,54,80,2019-10-31 08:56:02-07:00,97,100,2019-10-08 12:30:07-07:00,65,100,2019-11-08 12:30:07-07:00,95,100,2019-12-08 12:30:07-07:00
Michael,Everett,mce66433,77.0,100,2019-08-29 08:56:02-07:00,40,60,2019-09-05 08:56:02-07:00,83,90,2019-09-12 08:56:02-07:00,72,100,2019-09-19 08:56:02-07:00,63,100,2019-09-26 08:56:02-07:00,80,100,2019-10-03 08:56:02-07:00,48,80,2019-10-10 08:56:02-07:00,59,80,2019-10-17 08:56:02-07:00,46,60,2019-10-24 08:56:02-07:00,64,80,2019-10-31 08:56:02-07:00,95,100,2019-10-08 12:30:07-07:00,64,100,2019-11-08 12:30:07-07:00,65,100,2019-12-08 12:30:07-07:00
Michael,Davidson,mkd53937,60.0,100,2019-08-29 08:56:02-07:00,51,60,2019-09-05 08:56:02-07:00,61,90,2019-09-12 08:56:02-07:00,76,100,2019-09-19 08:56:02-07:00,87,100,2019-09-26 08:56:02-07:00,87,100,2019-10-03 08:56:02-07:00,67,80,2019-10-10 08:56:02-07:00,72,80,2019-10-17 08:56:02-07:00,50,60,2019-10-24 08:56:02-07:00,52,80,2019-10-31 08:56:02-07:00,88,100,2019-10-08 12:30:07-07:00,71,100,2019-11-08 12:30:07-07:00,62,100,2019-12-08 12:30:07-07:00
Michael,Wright,mxw10083,81.0,100,2019-08-29 08:56:02-07:00,38,60,2019-09-05 08:56:02-07:00,55,90,2019-09-12 08:56:02-07:00,97,100,2019-09-19 08:56:02-07:00,74,100,2019-09-26 08:56:02-07:00,85,100,2019-10-03 08:56:02-07:00,50,80,2019-10-10 08:56:02-07:00,74,80,2019-10-17 08:56:02-07:00,51,60,2019-10-24 08:56:02-07:00,62,80,2019-10-31 08:56:02-07:00,89,100,2019-10-08 12:30:07-07:00,87,100,2019-11-08 12:30:07-07:00,75,100,2019-12-08 12:30:07-07:00
Miguel,Lambert,mtl13635,78.0,100,2019-08-29 08:56:02-07:00,51,60,2019-09-05 08:56:02-07:00,81,90,2019-09-12 08:56:02-07:00,94,100,2019-09-19 08:56:02-07:00,80,100,2019-09-26 08:56:02-07:00,80,100,2019-10-03 08:56:02-07:00,55,80,2019-10-10 08:56:02-07:00,56,80,2019-10-17 08:56:02-07:00,60,60,2019-10-24 08:56:02-07:00,53,80,2019-10-31 08:56:02-07:00,84,100,2019-10-08 12:30:07-07:00,68,100,2019-11-08 12:30:07-07:00,68,100,2019-12-08 12:30:07-07:00
Mitchell,Espinoza,mxe43769,83.0,100,2019-08-29 08:56:02-07:00,37,60,2019-09-05 08:56:02-07:00,86,90,2019-09-12 08:56:02-07:00,81,100,2019-09-19 08:56:02-07:00,66,100,2019-09-26 08:56:02-07:00,60,100,2019-10-03 08:56:02-07:00,55,80,2019-10-10 08:56:02-07:00,59,80,2019-10-17 08:56:02-07:00,48,60,2019-10-24 08:56:02-07:00,55,80,2019-10-31 08:56:02-07:00,65,100,2019-10-08 12:30:07-07:00,82,100,2019-11-08 12:30:07-07:00,61,100,2019-12-08 12:30:07-07:00
Mitchell,Middleton,mxm68572,100.0,100,2019-08-29 08:56:02-07:00,54,60,2019-09-05 08:56:02-07:00,77,90,2019-09-12 08:56:02-07:00,96,100,2019-09-19 08:56:02-07:00,82,100,2019-09-26 08:56:02-07:00,93,100,2019-10-03 08:56:02-07:00,79,80,2019-10-10 08:56:02-07:00,76,80,2019-10-17 08:56:02-07:00,59,60,2019-10-24 08:56:02-07:00,63,80,2019-10-31 08:56:02-07:00,62,100,2019-10-08 12:30:07-07:00,99,100,2019-11-08 12:30:07-07:00,63,100,2019-12-08 12:30:07-07:00
Molly,James,mxj03480,63.0,100,2019-08-29 08:56:02-07:00,51,60,2019-09-05 08:56:02-07:00,87,90,2019-09-12 08:56:02-07:00,68,100,2019-09-19 08:56:02-07:00,93,100,2019-09-26 08:56:02-07:00,64,100,2019-10-03 08:56:02-07:00,80,80,2019-10-10 08:56:02-07:00,53,80,2019-10-17 08:56:02-07:00,40,60,2019-10-24 08:56:02-07:00,66,80,2019-10-31 08:56:02-07:00,63,100,2019-10-08 12:30:07-07:00,79,100,2019-11-08 12:30:07-07:00,80,100,2019-12-08 12:30:07-07:00
Monique,Rogers,mxr93797,81.0,100,2019-08-29 08:56:02-07:00,51,60,2019-09-05 08:56:02-07:00,83,90,2019-09-12 08:56:02-07:00,78,100,2019-09-19 08:56:02-07:00,98,100,2019-09-26 08:56:02-07:00,78,100,2019-10-03 08:56:02-07:00,67,80,2019-10-10 08:56:02-07:00,58,80,2019-10-17 08:56:02-07:00,41,60,2019-10-24 08:56:02-07:00,58,80,2019-10-31 08:56:02-07:00,82,100,2019-10-08 12:30:07-07:00,95,100,2019-11-08 12:30:07-07:00,81,100,2019-12-08 12:30:07-07:00
Natasha,Blair,nab12427,92.0,100,2019-08-29 08:56:02-07:00,38,60,2019-09-05 08:56:02-07:00,87,90,2019-09-12 08:56:02-07:00,87,100,2019-09-19 08:56:02-07:00,69,100,2019-09-26 08:56:02-07:00,81,100,2019-10-03 08:56:02-07:00,76,80,2019-10-10 08:56:02-07:00,76,80,2019-10-17 08:56:02-07:00,37,60,2019-10-24 08:56:02-07:00,76,80,2019-10-31 08:56:02-07:00,61,100,2019-10-08 12:30:07-07:00,92,100,2019-11-08 12:30:07-07:00,83,100,2019-12-08 12:30:07-07:00
Nicholas,Luna,nxl76628,73.0,100,2019-08-29 08:56:02-07:00,58,60,2019-09-05 08:56:02-07:00,65,90,2019-09-12 08:56:02-07:00,66,100,2019-09-19 08:56:02-07:00,67,100,2019-09-26 08:56:02-07:00,95,100,2019-10-03 08:56:02-07:00,74,80,2019-10-10 08:56:02-07:00,56,80,2019-10-17 08:56:02-07:00,40,60,2019-10-24 08:56:02-07:00,57,80,2019-10-31 08:56:02-07:00,98,100,2019-10-08 12:30:07-07:00,99,100,2019-11-08 12:30:07-07:00,91,100,2019-12-08 12:30:07-07:00
Nicole,Neal,nbn87575,98.0,100,2019-08-29 08:56:02-07:00,44,60,2019-09-05 08:56:02-07:00,65,90,2019-09-12 08:56:02-07:00,72,100,2019-09-19 08:56:02-07:00,77,100,2019-09-26 08:56:02-07:00,95,100,2019-10-03 08:56:02-07:00,48,80,2019-10-10 08:56:02-07:00,54,80,2019-10-17 08:56:02-07:00,40,60,2019-10-24 08:56:02-07:00,67,80,2019-10-31 08:56:02-07:00,64,100,2019-10-08 12:30:07-07:00,86,100,2019-11-08 12:30:07-07:00,76,100,2019-12-08 12:30:07-07:00
Patricia,Gutierrez,pxg66695,92.0,100,2019-08-29 08:56:02-07:00,57,60,2019-09-05 08:56:02-07:00,70,90,2019-09-12 08:56:02-07:00,94,100,2019-09-19 08:56:02-07:00,92,100,2019-09-26 08:56:02-07:00,66,100,2019-10-03 08:56:02-07:00,75,80,2019-10-10 08:56:02-07:00,53,80,2019-10-17 08:56:02-07:00,54,60,2019-10-24 08:56:02-07:00,61,80,2019-10-31 08:56:02-07:00,70,100,2019-10-08 12:30:07-07:00,88,100,2019-11-08 12:30:07-07:00,82,100,2019-12-08 12:30:07-07:00
Peter,Dunn,pmd76895,94.0,100,2019-08-29 08:56:02-07:00,47,60,2019-09-05 08:56:02-07:00,77,90,2019-09-12 08:56:02-07:00,100,100,2019-09-19 08:56:02-07:00,66,100,2019-09-26 08:56:02-07:00,65,100,2019-10-03 08:56:02-07:00,62,80,2019-10-10 08:56:02-07:00,60,80,2019-10-17 08:56:02-07:00,45,60,2019-10-24 08:56:02-07:00,80,80,2019-10-31 08:56:02-07:00,72,100,2019-10-08 12:30:07-07:00,65,100,2019-11-08 12:30:07-07:00,77,100,2019-12-08 12:30:07-07:00
Phillip,Hicks,pjh14325,80.0,100,2019-08-29 08:56:02-07:00,46,60,2019-09-05 08:56:02-07:00,72,90,2019-09-12 08:56:02-07:00,83,100,2019-09-19 08:56:02-07:00,63,100,2019-09-26 08:56:02-07:00,60,100,2019-10-03 08:56:02-07:00,67,80,2019-10-10 08:56:02-07:00,76,80,2019-10-17 08:56:02-07:00,48,60,2019-10-24 08:56:02-07:00,48,80,2019-10-31 08:56:02-07:00,63,100,2019-10-08 12:30:07-07:00,87,100,2019-11-08 12:30:07-07:00,92,100,2019-12-08 12:30:07-07:00
Randall,Wood,rnw11611,88.0,100,2019-08-29 08:56:02-07:00,59,60,2019-09-05 08:56:02-07:00,72,90,2019-09-12 08:56:02-07:00,100,100,2019-09-19 08:56:02-07:00,76,100,2019-09-26 08:56:02-07:00,67,100,2019-10-03 08:56:02-07:00,66,80,2019-10-10 08:56:02-07:00,54,80,2019-10-17 08:56:02-07:00,50,60,2019-10-24 08:56:02-07:00,69,80,2019-10-31 08:56:02-07:00,96,100,2019-10-08 12:30:07-07:00,68,100,2019-11-08 12:30:07-07:00,78,100,2019-12-08 12:30:07-07:00
Rebecca,Graham,rxg90426,83.0,100,2019-08-29 08:56:02-07:00,60,60,2019-09-05 08:56:02-07:00,86,90,2019-09-12 08:56:02-07:00,93,100,2019-09-19 08:56:02-07:00,95,100,2019-09-26 08:56:02-07:00,77,100,2019-10-03 08:56:02-07:00,72,80,2019-10-10 08:56:02-07:00,52,80,2019-10-17 08:56:02-07:00,46,60,2019-10-24 08:56:02-07:00,53,80,2019-10-31 08:56:02-07:00,76,100,2019-10-08 12:30:07-07:00,72,100,2019-11-08 12:30:07-07:00,78,100,2019-12-08 12:30:07-07:00
Renee,Bell,rxb46862,67.0,100,2019-08-29 08:56:02-07:00,57,60,2019-09-05 08:56:02-07:00,89,90,2019-09-12 08:56:02-07:00,71,100,2019-09-19 08:56:02-07:00,81,100,2019-09-26 08:56:02-07:00,88,100,2019-10-03 08:56:02-07:00,51,80,2019-10-10 08:56:02-07:00,77,80,2019-10-17 08:56:02-07:00,47,60,2019-10-24 08:56:02-07:00,70,80,2019-10-31 08:56:02-07:00,69,100,2019-10-08 12:30:07-07:00,83,100,2019-11-08 12:30:07-07:00,96,100,2019-12-08 12:30:07-07:00
Rhonda,Dunn,rkd89894,82.0,100,2019-08-29 08:56:02-07:00,58,60,2019-09-05 08:56:02-07:00,79,90,2019-09-12 08:56:02-07:00,68,100,2019-09-19 08:56:02-07:00,62,100,2019-09-26 08:56:02-07:00,96,100,2019-10-03 08:56:02-07:00,57,80,2019-10-10 08:56:02-07:00,59,80,2019-10-17 08:56:02-07:00,39,60,2019-10-24 08:56:02-07:00,76,80,2019-10-31 08:56:02-07:00,98,100,2019-10-08 12:30:07-07:00,95,100,2019-11-08 12:30:07-07:00,85,100,2019-12-08 12:30:07-07:00
Richard,Beck,rxb03007,90.0,100,2019-08-29 08:56:02-07:00,57,60,2019-09-05 08:56:02-07:00,76,90,2019-09-12 08:56:02-07:00,93,100,2019-09-19 08:56:02-07:00,74,100,2019-09-26 08:56:02-07:00,77,100,2019-10-03 08:56:02-07:00,62,80,2019-10-10 08:56:02-07:00,64,80,2019-10-17 08:56:02-07:00,42,60,2019-10-24 08:56:02-07:00,49,80,2019-10-31 08:56:02-07:00,99,100,2019-10-08 12:30:07-07:00,76,100,2019-11-08 12:30:07-07:00,74,100,2019-12-08 12:30:07-07:00
Robert,Lawson,rxl86588,67.0,100,2019-08-29 08:56:02-07:00,36,60,2019-09-05 08:56:02-07:00,54,90,2019-09-12 08:56:02-07:00,67,100,2019-09-19 08:56:02-07:00,82,100,2019-09-26 08:56:02-07:00,68,100,2019-10-03 08:56:02-07:00,55,80,2019-10-10 08:56:02-07:00,52,80,2019-10-17 08:56:02-07:00,57,60,2019-10-24 08:56:02-07:00,76,80,2019-10-31 08:56:02-07:00,81,100,2019-10-08 12:30:07-07:00,92,100,2019-11-08 12:30:07-07:00,77,100,2019-12-08 12:30:07-07:00
Robert,Briggs,rjb99544,85.0,100,2019-08-29 08:56:02-07:00,50,60,2019-09-05 08:56:02-07:00,54,90,2019-09-12 08:56:02-07:00,93,100,2019-09-19 08:56:02-07:00,94,100,2019-09-26 08:56:02-07:00,86,100,2019-10-03 08:56:02-07:00,49,80,2019-10-10 08:56:02-07:00,76,80,2019-10-17 08:56:02-07:00,40,60,2019-10-24 08:56:02-07:00,78,80,2019-10-31 08:56:02-07:00,79,100,2019-10-08 12:30:07-07:00,68,100,2019-11-08 12:30:07-07:00,64,100,2019-12-08 12:30:07-07:00
Robert,Vega,rxv81295,62.0,100,2019-08-29 08:56:02-07:00,40,60,2019-09-05 08:56:02-07:00,77,90,2019-09-12 08:56:02-07:00,80,100,2019-09-19 08:56:02-07:00,71,100,2019-09-26 08:56:02-07:00,97,100,2019-10-03 08:56:02-07:00,49,80,2019-10-10 08:56:02-07:00,49,80,2019-10-17 08:56:02-07:00,37,60,2019-10-24 08:56:02-07:00,78,80,2019-10-31 08:56:02-07:00,66,100,2019-10-08 12:30:07-07:00,64,100,2019-11-08 12:30:07-07:00,89,100,2019-12-08 12:30:07-07:00
Rodney,Grant,rxg45689,83.0,100,2019-08-29 08:56:02-07:00,56,60,2019-09-05 08:56:02-07:00,90,90,2019-09-12 08:56:02-07:00,62,100,2019-09-19 08:56:02-07:00,85,100,2019-09-26 08:56:02-07:00,81,100,2019-10-03 08:56:02-07:00,65,80,2019-10-10 08:56:02-07:00,66,80,2019-10-17 08:56:02-07:00,46,60,2019-10-24 08:56:02-07:00,79,80,2019-10-31 08:56:02-07:00,66,100,2019-10-08 12:30:07-07:00,98,100,2019-11-08 12:30:07-07:00,61,100,2019-12-08 12:30:07-07:00
Samantha,Miranda,sxm76462,78.0,100,2019-08-29 08:56:02-07:00,36,60,2019-09-05 08:56:02-07:00,63,90,2019-09-12 08:56:02-07:00,86,100,2019-09-19 08:56:02-07:00,65,100,2019-09-26 08:56:02-07:00,100,100,2019-10-03 08:56:02-07:00,48,80,2019-10-10 08:56:02-07:00,71,80,2019-10-17 08:56:02-07:00,57,60,2019-10-24 08:56:02-07:00,73,80,2019-10-31 08:56:02-07:00,94,100,2019-10-08 12:30:07-07:00,71,100,2019-11-08 12:30:07-07:00,84,100,2019-12-08 12:30:07-07:00
Sandy,Tapia,skt98984,63.0,100,2019-08-29 08:56:02-07:00,54,60,2019-09-05 08:56:02-07:00,71,90,2019-09-12 08:56:02-07:00,82,100,2019-09-19 08:56:02-07:00,83,100,2019-09-26 08:56:02-07:00,75,100,2019-10-03 08:56:02-07:00,80,80,2019-10-10 08:56:02-07:00,64,80,2019-10-17 08:56:02-07:00,45,60,2019-10-24 08:56:02-07:00,50,80,2019-10-31 08:56:02-07:00,90,100,2019-10-08 12:30:07-07:00,60,100,2019-11-08 12:30:07-07:00,70,100,2019-12-08 12:30:07-07:00
Sarah,Olson,sxo55043,93.0,100,2019-08-29 08:56:02-07:00,45,60,2019-09-05 08:56:02-07:00,62,90,2019-09-12 08:56:02-07:00,95,100,2019-09-19 08:56:02-07:00,84,100,2019-09-26 08:56:02-07:00,62,100,2019-10-03 08:56:02-07:00,64,80,2019-10-10 08:56:02-07:00,78,80,2019-10-17 08:56:02-07:00,59,60,2019-10-24 08:56:02-07:00,80,80,2019-10-31 08:56:02-07:00,98,100,2019-10-08 12:30:07-07:00,65,100,2019-11-08 12:30:07-07:00,63,100,2019-12-08 12:30:07-07:00
Sarah,Mcconnell,sxm92703,64.0,100,2019-08-29 08:56:02-07:00,37,60,2019-09-05 08:56:02-07:00,74,90,2019-09-12 08:56:02-07:00,82,100,2019-09-19 08:56:02-07:00,73,100,2019-09-26 08:56:02-07:00,94,100,2019-10-03 08:56:02-07:00,53,80,2019-10-10 08:56:02-07:00,58,80,2019-10-17 08:56:02-07:00,55,60,2019-10-24 08:56:02-07:00,74,80,2019-10-31 08:56:02-07:00,81,100,2019-10-08 12:30:07-07:00,79,100,2019-11-08 12:30:07-07:00,77,100,2019-12-08 12:30:07-07:00
Sean,Walton,sjw45923,70.0,100,2019-08-29 08:56:02-07:00,39,60,2019-09-05 08:56:02-07:00,54,90,2019-09-12 08:56:02-07:00,68,100,2019-09-19 08:56:02-07:00,82,100,2019-09-26 08:56:02-07:00,97,100,2019-10-03 08:56:02-07:00,68,80,2019-10-10 08:56:02-07:00,55,80,2019-10-17 08:56:02-07:00,38,60,2019-10-24 08:56:02-07:00,80,80,2019-10-31 08:56:02-07:00,81,100,2019-10-08 12:30:07-07:00,93,100,2019-11-08 12:30:07-07:00,72,100,2019-12-08 12:30:07-07:00
Sharon,Estrada,sxe57604,92.0,100,2019-08-29 08:56:02-07:00,51,60,2019-09-05 08:56:02-07:00,55,90,2019-09-12 08:56:02-07:00,83,100,2019-09-19 08:56:02-07:00,91,100,2019-09-26 08:56:02-07:00,99,100,2019-10-03 08:56:02-07:00,67,80,2019-10-10 08:56:02-07:00,65,80,2019-10-17 08:56:02-07:00,49,60,2019-10-24 08:56:02-07:00,49,80,2019-10-31 08:56:02-07:00,96,100,2019-10-08 12:30:07-07:00,68,100,2019-11-08 12:30:07-07:00,72,100,2019-12-08 12:30:07-07:00
Spencer,White,sxw74941,62.0,100,2019-08-29 08:56:02-07:00,45,60,2019-09-05 08:56:02-07:00,64,90,2019-09-12 08:56:02-07:00,79,100,2019-09-19 08:56:02-07:00,74,100,2019-09-26 08:56:02-07:00,67,100,2019-10-03 08:56:02-07:00,66,80,2019-10-10 08:56:02-07:00,50,80,2019-10-17 08:56:02-07:00,38,60,2019-10-24 08:56:02-07:00,77,80,2019-10-31 08:56:02-07:00,68,100,2019-10-08 12:30:07-07:00,72,100,2019-11-08 12:30:07-07:00,67,100,2019-12-08 12:30:07-07:00
Stephanie,Clark,sxc87307,60.0,100,2019-08-29 08:56:02-07:00,39,60,2019-09-05 08:56:02-07:00,55,90,2019-09-12 08:56:02-07:00,80,100,2019-09-19 08:56:02-07:00,90,100,2019-09-26 08:56:02-07:00,93,100,2019-10-03 08:56:02-07:00,78,80,2019-10-10 08:56:02-07:00,50,80,2019-10-17 08:56:02-07:00,51,60,2019-10-24 08:56:02-07:00,60,80,2019-10-31 08:56:02-07:00,95,100,2019-10-08 12:30:07-07:00,73,100,2019-11-08 12:30:07-07:00,100,100,2019-12-08 12:30:07-07:00
Stephen,Jones,sxj02466,64.0,100,2019-08-29 08:56:02-07:00,47,60,2019-09-05 08:56:02-07:00,54,90,2019-09-12 08:56:02-07:00,84,100,2019-09-19 08:56:02-07:00,73,100,2019-09-26 08:56:02-07:00,61,100,2019-10-03 08:56:02-07:00,50,80,2019-10-10 08:56:02-07:00,53,80,2019-10-17 08:56:02-07:00,54,60,2019-10-24 08:56:02-07:00,63,80,2019-10-31 08:56:02-07:00,97,100,2019-10-08 12:30:07-07:00,86,100,2019-11-08 12:30:07-07:00,97,100,2019-12-08 12:30:07-07:00
Steven,Estrada,sxe10327,94.0,100,2019-08-29 08:56:02-07:00,54,60,2019-09-05 08:56:02-07:00,90,90,2019-09-12 08:56:02-07:00,63,100,2019-09-19 08:56:02-07:00,72,100,2019-09-26 08:56:02-07:00,69,100,2019-10-03 08:56:02-07:00,74,80,2019-10-10 08:56:02-07:00,51,80,2019-10-17 08:56:02-07:00,58,60,2019-10-24 08:56:02-07:00,69,80,2019-10-31 08:56:02-07:00,76,100,2019-10-08 12:30:07-07:00,98,100,2019-11-08 12:30:07-07:00,65,100,2019-12-08 12:30:07-07:00
Steven,Goodwin,sjg33904,75.0,100,2019-08-29 08:56:02-07:00,39,60,2019-09-05 08:56:02-07:00,65,90,2019-09-12 08:56:02-07:00,60,100,2019-09-19 08:56:02-07:00,80,100,2019-09-26 08:56:02-07:00,80,100,2019-10-03 08:56:02-07:00,65,80,2019-10-10 08:56:02-07:00,68,80,2019-10-17 08:56:02-07:00,60,60,2019-10-24 08:56:02-07:00,48,80,2019-10-31 08:56:02-07:00,98,100,2019-10-08 12:30:07-07:00,91,100,2019-11-08 12:30:07-07:00,70,100,2019-12-08 12:30:07-07:00
Susan,Gill,stg78249,100.0,100,2019-08-29 08:56:02-07:00,38,60,2019-09-05 08:56:02-07:00,67,90,2019-09-12 08:56:02-07:00,78,100,2019-09-19 08:56:02-07:00,69,100,2019-09-26 08:56:02-07:00,68,100,2019-10-03 08:56:02-07:00,57,80,2019-10-10 08:56:02-07:00,78,80,2019-10-17 08:56:02-07:00,51,60,2019-10-24 08:56:02-07:00,73,80,2019-10-31 08:56:02-07:00,92,100,2019-10-08 12:30:07-07:00,66,100,2019-11-08 12:30:07-07:00,74,100,2019-12-08 12:30:07-07:00
Susan,King,sxk54772,61.0,100,2019-08-29 08:56:02-07:00,46,60,2019-09-05 08:56:02-07:00,61,90,2019-09-12 08:56:02-07:00,100,100,2019-09-19 08:56:02-07:00,72,100,2019-09-26 08:56:02-07:00,71,100,2019-10-03 08:56:02-07:00,76,80,2019-10-10 08:56:02-07:00,61,80,2019-10-17 08:56:02-07:00,47,60,2019-10-24 08:56:02-07:00,80,80,2019-10-31 08:56:02-07:00,62,100,2019-10-08 12:30:07-07:00,98,100,2019-11-08 12:30:07-07:00,94,100,2019-12-08 12:30:07-07:00
Teresa,White,txw66775,65.0,100,2019-08-29 08:56:02-07:00,38,60,2019-09-05 08:56:02-07:00,59,90,2019-09-12 08:56:02-07:00,62,100,2019-09-19 08:56:02-07:00,83,100,2019-09-26 08:56:02-07:00,97,100,2019-10-03 08:56:02-07:00,48,80,2019-10-10 08:56:02-07:00,67,80,2019-10-17 08:56:02-07:00,37,60,2019-10-24 08:56:02-07:00,54,80,2019-10-31 08:56:02-07:00,62,100,2019-10-08 12:30:07-07:00,82,100,2019-11-08 12:30:07-07:00,79,100,2019-12-08 12:30:07-07:00
Thomas,Zamora,txz51826,87.0,100,2019-08-29 08:56:02-07:00,41,60,2019-09-05 08:56:02-07:00,73,90,2019-09-12 08:56:02-07:00,84,100,2019-09-19 08:56:02-07:00,89,100,2019-09-26 08:56:02-07:00,93,100,2019-10-03 08:56:02-07:00,80,80,2019-10-10 08:56:02-07:00,78,80,2019-10-17 08:56:02-07:00,49,60,2019-10-24 08:56:02-07:00,65,80,2019-10-31 08:56:02-07:00,95,100,2019-10-08 12:30:07-07:00,80,100,2019-11-08 12:30:07-07:00,73,100,2019-12-08 12:30:07-07:00
Thomas,Brewer,txb79830,86.0,100,2019-08-29 08:56:02-07:00,49,60,2019-09-05 08:56:02-07:00,71,90,2019-09-12 08:56:02-07:00,63,100,2019-09-19 08:56:02-07:00,77,100,2019-09-26 08:56:02-07:00,79,100,2019-10-03 08:56:02-07:00,76,80,2019-10-10 08:56:02-07:00,76,80,2019-10-17 08:56:02-07:00,44,60,2019-10-24 08:56:02-07:00,69,80,2019-10-31 08:56:02-07:00,83,100,2019-10-08 12:30:07-07:00,78,100,2019-11-08 12:30:07-07:00,72,100,2019-12-08 12:30:07-07:00
Timothy,Wilson,taw04137,99.0,100,2019-08-29 08:56:02-07:00,37,60,2019-09-05 08:56:02-07:00,83,90,2019-09-12 08:56:02-07:00,70,100,2019-09-19 08:56:02-07:00,78,100,2019-09-26 08:56:02-07:00,77,100,2019-10-03 08:56:02-07:00,49,80,2019-10-10 08:56:02-07:00,77,80,2019-10-17 08:56:02-07:00,36,60,2019-10-24 08:56:02-07:00,54,80,2019-10-31 08:56:02-07:00,96,100,2019-10-08 12:30:07-07:00,68,100,2019-11-08 12:30:07-07:00,77,100,2019-12-08 12:30:07-07:00
Timothy,George,txg10109,64.0,100,2019-08-29 08:56:02-07:00,50,60,2019-09-05 08:56:02-07:00,76,90,2019-09-12 08:56:02-07:00,73,100,2019-09-19 08:56:02-07:00,99,100,2019-09-26 08:56:02-07:00,99,100,2019-10-03 08:56:02-07:00,54,80,2019-10-10 08:56:02-07:00,79,80,2019-10-17 08:56:02-07:00,53,60,2019-10-24 08:56:02-07:00,60,80,2019-10-31 08:56:02-07:00,87,100,2019-10-08 12:30:07-07:00,98,100,2019-11-08 12:30:07-07:00,73,100,2019-12-08 12:30:07-07:00
Tracey,Wilson,tkw80513,72.0,100,2019-08-29 08:56:02-07:00,41,60,2019-09-05 08:56:02-07:00,80,90,2019-09-12 08:56:02-07:00,90,100,2019-09-19 08:56:02-07:00,86,100,2019-09-26 08:56:02-07:00,86,100,2019-10-03 08:56:02-07:00,60,80,2019-10-10 08:56:02-07:00,62,80,2019-10-17 08:56:02-07:00,49,60,2019-10-24 08:56:02-07:00,65,80,2019-10-31 08:56:02-07:00,64,100,2019-10-08 12:30:07-07:00,79,100,2019-11-08 12:30:07-07:00,83,100,2019-12-08 12:30:07-07:00
Traci,Joyce,txj12345,,100,2019-08-29 08:56:02-07:00,59,60,2019-09-05 08:56:02-07:00,83,90,2019-09-12 08:56:02-07:00,94,100,2019-09-19 08:56:02-07:00,75,100,2019-09-26 08:56:02-07:00,70,100,2019-10-03 08:56:02-07:00,64,80,2019-10-10 08:56:02-07:00,67,80,2019-10-17 08:56:02-07:00,53,60,2019-10-24 08:56:02-07:00,59,80,2019-10-31 08:56:02-07:00,65,100,2019-10-08 12:30:07-07:00,84,100,2019-11-08 12:30:07-07:00,86,100,2019-12-08 12:30:07-07:00
Whitney,Walker,wrw07773,91.0,100,2019-08-29 08:56:02-07:00,56,60,2019-09-05 08:56:02-07:00,73,90,2019-09-12 08:56:02-07:00,60,100,2019-09-19 08:56:02-07:00,98,100,2019-09-26 08:56:02-07:00,73,100,2019-10-03 08:56:02-07:00,71,80,2019-10-10 08:56:02-07:00,64,80,2019-10-17 08:56:02-07:00,43,60,2019-10-24 08:56:02-07:00,50,80,2019-10-31 08:56:02-07:00,79,100,2019-10-08 12:30:07-07:00,79,100,2019-11-08 12:30:07-07:00,89,100,2019-12-08 12:30:07-07:00
William,Delgado,wxd81200,73.0,100,2019-08-29 08:56:02-07:00,36,60,2019-09-05 08:56:02-07:00,78,90,2019-09-12 08:56:02-07:00,63,100,2019-09-19 08:56:02-07:00,92,100,2019-09-26 08:56:02-07:00,81,100,2019-10-03 08:56:02-07:00,51,80,2019-10-10 08:56:02-07:00,73,80,2019-10-17 08:56:02-07:00,50,60,2019-10-24 08:56:02-07:00,54,80,2019-10-31 08:56:02-07:00,68,100,2019-10-08 12:30:07-07:00,64,100,2019-11-08 12:30:07-07:00,90,100,2019-12-08 12:30:07-07:00
Woody,Barrera,wxb12345,75.0,100,2019-08-29 08:56:02-07:00,39,60,2019-09-05 08:56:02-07:00,89,90,2019-09-12 08:56:02-07:00,74,100,2019-09-19 08:56:02-07:00,88,100,2019-09-26 08:56:02-07:00,71,100,2019-10-03 08:56:02-07:00,48,80,2019-10-10 08:56:02-07:00,55,80,2019-10-17 08:56:02-07:00,53,60,2019-10-24 08:56:02-07:00,58,80,2019-10-31 08:56:02-07:00,86,100,2019-10-08 12:30:07-07:00,98,100,2019-11-08 12:30:07-07:00,80,100,2019-12-08 12:30:07-07:00
Yolanda,Kennedy,yak26157,75.0,100,2019-08-29 08:56:02-07:00,43,60,2019-09-05 08:56:02-07:00,79,90,2019-09-12 08:56:02-07:00,65,100,2019-09-19 08:56:02-07:00,73,100,2019-09-26 08:56:02-07:00,83,100,2019-10-03 08:56:02-07:00,72,80,2019-10-10 08:56:02-07:00,76,80,2019-10-17 08:56:02-07:00,51,60,2019-10-24 08:56:02-07:00,49,80,2019-10-31 08:56:02-07:00,80,100,2019-10-08 12:30:07-07:00,87,100,2019-11-08 12:30:07-07:00,72,100,2019-12-08 12:30:07-07:00
